/*!999999\- enable the sandbox mode */ 
-- MariaDB dump 10.19  Distrib 10.6.18-MariaDB, for debian-linux-gnu (x86_64)
--
-- Host: 127.0.0.1    Database: gold24_db
-- ------------------------------------------------------
-- Server version	10.6.18-MariaDB-0ubuntu0.22.04.1

/*!40101 SET @OLD_CHARACTER_SET_CLIENT=@@CHARACTER_SET_CLIENT */;
/*!40101 SET @OLD_CHARACTER_SET_RESULTS=@@CHARACTER_SET_RESULTS */;
/*!40101 SET @OLD_COLLATION_CONNECTION=@@COLLATION_CONNECTION */;
/*!40101 SET NAMES utf8mb4 */;
/*!40103 SET @OLD_TIME_ZONE=@@TIME_ZONE */;
/*!40103 SET TIME_ZONE='+00:00' */;
/*!40014 SET @OLD_UNIQUE_CHECKS=@@UNIQUE_CHECKS, UNIQUE_CHECKS=0 */;
/*!40014 SET @OLD_FOREIGN_KEY_CHECKS=@@FOREIGN_KEY_CHECKS, FOREIGN_KEY_CHECKS=0 */;
/*!40101 SET @OLD_SQL_MODE=@@SQL_MODE, SQL_MODE='NO_AUTO_VALUE_ON_ZERO' */;
/*!40111 SET @OLD_SQL_NOTES=@@SQL_NOTES, SQL_NOTES=0 */;

--
-- Table structure for table `admin_logs`
--

DROP TABLE IF EXISTS `admin_logs`;
/*!40101 SET @saved_cs_client     = @@character_set_client */;
/*!40101 SET character_set_client = utf8 */;
CREATE TABLE `admin_logs` (
  `id` int(11) NOT NULL AUTO_INCREMENT,
  `admin_id` int(11) NOT NULL,
  `action` varchar(255) NOT NULL,
  `description` text DEFAULT NULL,
  `created_at` timestamp NOT NULL DEFAULT current_timestamp(),
  PRIMARY KEY (`id`),
  KEY `admin_id` (`admin_id`),
  CONSTRAINT `admin_logs_ibfk_1` FOREIGN KEY (`admin_id`) REFERENCES `users` (`id`)
) ENGINE=InnoDB DEFAULT CHARSET=utf8mb4 COLLATE=utf8mb4_general_ci;
/*!40101 SET character_set_client = @saved_cs_client */;

--
-- Dumping data for table `admin_logs`
--

LOCK TABLES `admin_logs` WRITE;
/*!40000 ALTER TABLE `admin_logs` DISABLE KEYS */;
/*!40000 ALTER TABLE `admin_logs` ENABLE KEYS */;
UNLOCK TABLES;

--
-- Table structure for table `api_keys`
--

DROP TABLE IF EXISTS `api_keys`;
/*!40101 SET @saved_cs_client     = @@character_set_client */;
/*!40101 SET character_set_client = utf8 */;
CREATE TABLE `api_keys` (
  `id` int(11) NOT NULL AUTO_INCREMENT,
  `user_id` int(11) NOT NULL,
  `api_key` varchar(255) NOT NULL,
  `created_at` timestamp NOT NULL DEFAULT current_timestamp(),
  PRIMARY KEY (`id`),
  UNIQUE KEY `user_id` (`user_id`)
) ENGINE=InnoDB AUTO_INCREMENT=4097 DEFAULT CHARSET=utf8mb4 COLLATE=utf8mb4_general_ci;
/*!40101 SET character_set_client = @saved_cs_client */;

--
-- Dumping data for table `api_keys`
--

LOCK TABLES `api_keys` WRITE;
/*!40000 ALTER TABLE `api_keys` DISABLE KEYS */;
INSERT INTO `api_keys` VALUES (1,30,'ai2025','2025-03-04 18:24:10'),(3,1,'ai2025','2025-03-04 18:28:39'),(4,11,'ai2025','2025-03-04 18:28:39'),(5,21,'ai2025','2025-03-04 18:28:39'),(6,31,'ai2025','2025-03-04 18:28:39'),(7,41,'ai2025','2025-03-04 18:28:39'),(8,51,'ai2025','2025-03-04 18:28:39'),(9,61,'ai2025','2025-03-04 18:28:39'),(10,71,'ai2025','2025-03-04 18:28:39'),(11,81,'ai2025','2025-03-04 18:28:39'),(12,91,'ai2025','2025-03-04 18:28:39'),(13,101,'ai2025','2025-03-04 18:28:39'),(14,201,'ai2025','2025-03-04 18:28:39'),(15,301,'ai2025','2025-03-04 18:28:39'),(16,401,'ai2025','2025-03-04 18:28:39'),(17,501,'ai2025','2025-03-04 18:28:39'),(18,601,'ai2025','2025-03-04 18:28:39'),(19,701,'ai2025','2025-03-04 18:28:39'),(20,801,'ai2025','2025-03-04 18:28:39'),(21,901,'ai2025','2025-03-04 18:28:39'),(22,1001,'ai2025','2025-03-04 18:28:39'),(23,2001,'ai2025','2025-03-04 18:28:39'),(24,3001,'ai2025','2025-03-04 18:28:39'),(25,4001,'ai2025','2025-03-04 18:28:39'),(26,5001,'ai2025','2025-03-04 18:28:39'),(27,6001,'ai2025','2025-03-04 18:28:39'),(28,7001,'ai2025','2025-03-04 18:28:39'),(29,8001,'ai2025','2025-03-04 18:28:39'),(30,9001,'ai2025','2025-03-04 18:28:39'),(31,2,'ai2025','2025-03-04 18:28:39'),(32,12,'ai2025','2025-03-04 18:28:39'),(33,22,'ai2025','2025-03-04 18:28:39'),(34,32,'ai2025','2025-03-04 18:28:39'),(35,42,'ai2025','2025-03-04 18:28:39'),(36,52,'ai2025','2025-03-04 18:28:39'),(37,62,'ai2025','2025-03-04 18:28:39'),(38,72,'ai2025','2025-03-04 18:28:39'),(39,82,'ai2025','2025-03-04 18:28:39'),(40,92,'ai2025','2025-03-04 18:28:39'),(41,102,'ai2025','2025-03-04 18:28:39'),(42,202,'ai2025','2025-03-04 18:28:39'),(43,302,'ai2025','2025-03-04 18:28:39'),(44,402,'ai2025','2025-03-04 18:28:39'),(45,502,'ai2025','2025-03-04 18:28:39'),(46,602,'ai2025','2025-03-04 18:28:39'),(47,702,'ai2025','2025-03-04 18:28:39'),(48,802,'ai2025','2025-03-04 18:28:39'),(49,902,'ai2025','2025-03-04 18:28:39'),(50,1002,'ai2025','2025-03-04 18:28:39'),(51,2002,'ai2025','2025-03-04 18:28:39'),(52,3002,'ai2025','2025-03-04 18:28:39'),(53,4002,'ai2025','2025-03-04 18:28:39'),(54,5002,'ai2025','2025-03-04 18:28:39'),(55,6002,'ai2025','2025-03-04 18:28:39'),(56,7002,'ai2025','2025-03-04 18:28:39'),(57,8002,'ai2025','2025-03-04 18:28:39'),(58,9002,'ai2025','2025-03-04 18:28:39'),(59,3,'ai2025','2025-03-04 18:28:39'),(60,13,'ai2025','2025-03-04 18:28:39'),(61,23,'ai2025','2025-03-04 18:28:39'),(62,33,'ai2025','2025-03-04 18:28:39'),(63,43,'ai2025','2025-03-04 18:28:39'),(64,53,'ai2025','2025-03-04 18:28:39'),(65,63,'ai2025','2025-03-04 18:28:39'),(66,73,'ai2025','2025-03-04 18:28:39'),(67,83,'ai2025','2025-03-04 18:28:39'),(68,93,'ai2025','2025-03-04 18:28:39'),(69,103,'ai2025','2025-03-04 18:28:39'),(70,203,'ai2025','2025-03-04 18:28:39'),(71,303,'ai2025','2025-03-04 18:28:39'),(72,403,'ai2025','2025-03-04 18:28:39'),(73,503,'ai2025','2025-03-04 18:28:39'),(74,603,'ai2025','2025-03-04 18:28:39'),(75,703,'ai2025','2025-03-04 18:28:39'),(76,803,'ai2025','2025-03-04 18:28:39'),(77,903,'ai2025','2025-03-04 18:28:39'),(78,1003,'ai2025','2025-03-04 18:28:39'),(79,2003,'ai2025','2025-03-04 18:28:39'),(80,3003,'ai2025','2025-03-04 18:28:39'),(81,4003,'ai2025','2025-03-04 18:28:39'),(82,5003,'ai2025','2025-03-04 18:28:39'),(83,6003,'ai2025','2025-03-04 18:28:39'),(84,7003,'ai2025','2025-03-04 18:28:39'),(85,8003,'ai2025','2025-03-04 18:28:39'),(86,9003,'ai2025','2025-03-04 18:28:39'),(87,4,'ai2025','2025-03-04 18:28:39'),(88,14,'ai2025','2025-03-04 18:28:39'),(89,24,'ai2025','2025-03-04 18:28:39'),(90,34,'ai2025','2025-03-04 18:28:39'),(91,44,'ai2025','2025-03-04 18:28:39'),(92,54,'ai2025','2025-03-04 18:28:39'),(93,64,'ai2025','2025-03-04 18:28:39'),(94,74,'ai2025','2025-03-04 18:28:39'),(95,84,'ai2025','2025-03-04 18:28:39'),(96,94,'ai2025','2025-03-04 18:28:39'),(97,104,'ai2025','2025-03-04 18:28:39'),(98,204,'ai2025','2025-03-04 18:28:39'),(99,304,'ai2025','2025-03-04 18:28:39'),(100,404,'ai2025','2025-03-04 18:28:39'),(101,504,'ai2025','2025-03-04 18:28:39'),(102,604,'ai2025','2025-03-04 18:28:39'),(103,704,'ai2025','2025-03-04 18:28:39'),(104,804,'ai2025','2025-03-04 18:28:39'),(105,904,'ai2025','2025-03-04 18:28:39'),(106,1004,'ai2025','2025-03-04 18:28:39'),(107,2004,'ai2025','2025-03-04 18:28:39'),(108,3004,'ai2025','2025-03-04 18:28:39'),(109,4004,'ai2025','2025-03-04 18:28:39'),(110,5004,'ai2025','2025-03-04 18:28:39'),(111,6004,'ai2025','2025-03-04 18:28:39'),(112,7004,'ai2025','2025-03-04 18:28:39'),(113,8004,'ai2025','2025-03-04 18:28:39'),(114,9004,'ai2025','2025-03-04 18:28:39'),(115,5,'ai2025','2025-03-04 18:28:39'),(116,15,'ai2025','2025-03-04 18:28:39'),(117,25,'ai2025','2025-03-04 18:28:39'),(118,35,'ai2025','2025-03-04 18:28:39'),(119,45,'ai2025','2025-03-04 18:28:39'),(120,55,'ai2025','2025-03-04 18:28:39'),(121,65,'ai2025','2025-03-04 18:28:39'),(122,75,'ai2025','2025-03-04 18:28:39'),(123,85,'ai2025','2025-03-04 18:28:39'),(124,95,'ai2025','2025-03-04 18:28:39'),(125,105,'ai2025','2025-03-04 18:28:39'),(126,205,'ai2025','2025-03-04 18:28:39'),(127,305,'ai2025','2025-03-04 18:28:39'),(128,405,'ai2025','2025-03-04 18:28:39'),(129,505,'ai2025','2025-03-04 18:28:39'),(130,605,'ai2025','2025-03-04 18:28:39'),(131,705,'ai2025','2025-03-04 18:28:39'),(132,805,'ai2025','2025-03-04 18:28:39'),(133,905,'ai2025','2025-03-04 18:28:39'),(134,1005,'ai2025','2025-03-04 18:28:39'),(135,2005,'ai2025','2025-03-04 18:28:39'),(136,3005,'ai2025','2025-03-04 18:28:39'),(137,4005,'ai2025','2025-03-04 18:28:39'),(138,5005,'ai2025','2025-03-04 18:28:39'),(139,6005,'ai2025','2025-03-04 18:28:39'),(140,7005,'ai2025','2025-03-04 18:28:39'),(141,8005,'ai2025','2025-03-04 18:28:39'),(142,9005,'ai2025','2025-03-04 18:28:39'),(143,6,'ai2025','2025-03-04 18:28:39'),(144,16,'ai2025','2025-03-04 18:28:39'),(145,26,'ai2025','2025-03-04 18:28:39'),(146,36,'ai2025','2025-03-04 18:28:39'),(147,46,'ai2025','2025-03-04 18:28:39'),(148,56,'ai2025','2025-03-04 18:28:39'),(149,66,'ai2025','2025-03-04 18:28:39'),(150,76,'ai2025','2025-03-04 18:28:39'),(151,86,'ai2025','2025-03-04 18:28:39'),(152,96,'ai2025','2025-03-04 18:28:39'),(153,106,'ai2025','2025-03-04 18:28:39'),(154,206,'ai2025','2025-03-04 18:28:39'),(155,306,'ai2025','2025-03-04 18:28:39'),(156,406,'ai2025','2025-03-04 18:28:39'),(157,506,'ai2025','2025-03-04 18:28:39'),(158,606,'ai2025','2025-03-04 18:28:39'),(159,706,'ai2025','2025-03-04 18:28:39'),(160,806,'ai2025','2025-03-04 18:28:39'),(161,906,'ai2025','2025-03-04 18:28:39'),(162,1006,'ai2025','2025-03-04 18:28:39'),(163,2006,'ai2025','2025-03-04 18:28:39'),(164,3006,'ai2025','2025-03-04 18:28:39'),(165,4006,'ai2025','2025-03-04 18:28:39'),(166,5006,'ai2025','2025-03-04 18:28:39'),(167,6006,'ai2025','2025-03-04 18:28:39'),(168,7006,'ai2025','2025-03-04 18:28:39'),(169,8006,'ai2025','2025-03-04 18:28:39'),(170,9006,'ai2025','2025-03-04 18:28:39'),(171,7,'ai2025','2025-03-04 18:28:39'),(172,17,'ai2025','2025-03-04 18:28:39'),(173,27,'ai2025','2025-03-04 18:28:39'),(174,37,'ai2025','2025-03-04 18:28:39'),(175,47,'ai2025','2025-03-04 18:28:39'),(176,57,'ai2025','2025-03-04 18:28:39'),(177,67,'ai2025','2025-03-04 18:28:39'),(178,77,'ai2025','2025-03-04 18:28:39'),(179,87,'ai2025','2025-03-04 18:28:39'),(180,97,'ai2025','2025-03-04 18:28:39'),(181,107,'ai2025','2025-03-04 18:28:39'),(182,207,'ai2025','2025-03-04 18:28:39'),(183,307,'ai2025','2025-03-04 18:28:39'),(184,407,'ai2025','2025-03-04 18:28:39'),(185,507,'ai2025','2025-03-04 18:28:39'),(186,607,'ai2025','2025-03-04 18:28:39'),(187,707,'ai2025','2025-03-04 18:28:39'),(188,807,'ai2025','2025-03-04 18:28:39'),(189,907,'ai2025','2025-03-04 18:28:39'),(190,1007,'ai2025','2025-03-04 18:28:39'),(191,2007,'ai2025','2025-03-04 18:28:39'),(192,3007,'ai2025','2025-03-04 18:28:39'),(193,4007,'ai2025','2025-03-04 18:28:39'),(194,5007,'ai2025','2025-03-04 18:28:39'),(195,6007,'ai2025','2025-03-04 18:28:39'),(196,7007,'ai2025','2025-03-04 18:28:39'),(197,8007,'ai2025','2025-03-04 18:28:39'),(198,9007,'ai2025','2025-03-04 18:28:39'),(199,8,'ai2025','2025-03-04 18:28:39'),(200,18,'ai2025','2025-03-04 18:28:39'),(201,28,'ai2025','2025-03-04 18:28:39'),(202,38,'ai2025','2025-03-04 18:28:39'),(203,48,'ai2025','2025-03-04 18:28:39'),(204,58,'ai2025','2025-03-04 18:28:39'),(205,68,'ai2025','2025-03-04 18:28:39'),(206,78,'ai2025','2025-03-04 18:28:39'),(207,88,'ai2025','2025-03-04 18:28:39'),(208,98,'ai2025','2025-03-04 18:28:39'),(209,108,'ai2025','2025-03-04 18:28:39'),(210,208,'ai2025','2025-03-04 18:28:39'),(211,308,'ai2025','2025-03-04 18:28:39'),(212,408,'ai2025','2025-03-04 18:28:39'),(213,508,'ai2025','2025-03-04 18:28:39'),(214,608,'ai2025','2025-03-04 18:28:39'),(215,708,'ai2025','2025-03-04 18:28:39'),(216,808,'ai2025','2025-03-04 18:28:39'),(217,908,'ai2025','2025-03-04 18:28:39'),(218,1008,'ai2025','2025-03-04 18:28:39'),(219,2008,'ai2025','2025-03-04 18:28:39'),(220,3008,'ai2025','2025-03-04 18:28:39'),(221,4008,'ai2025','2025-03-04 18:28:39'),(222,5008,'ai2025','2025-03-04 18:28:39'),(223,6008,'ai2025','2025-03-04 18:28:39'),(224,7008,'ai2025','2025-03-04 18:28:39'),(225,8008,'ai2025','2025-03-04 18:28:39'),(226,9008,'ai2025','2025-03-04 18:28:39'),(227,9,'ai2025','2025-03-04 18:28:39'),(228,19,'ai2025','2025-03-04 18:28:39'),(229,29,'ai2025','2025-03-04 18:28:39'),(230,39,'ai2025','2025-03-04 18:28:39'),(231,49,'ai2025','2025-03-04 18:28:39'),(232,59,'ai2025','2025-03-04 18:28:39'),(233,69,'ai2025','2025-03-04 18:28:39'),(234,79,'ai2025','2025-03-04 18:28:39'),(235,89,'ai2025','2025-03-04 18:28:39'),(236,99,'ai2025','2025-03-04 18:28:39'),(237,109,'ai2025','2025-03-04 18:28:39'),(238,209,'ai2025','2025-03-04 18:28:39'),(239,309,'ai2025','2025-03-04 18:28:39'),(240,409,'ai2025','2025-03-04 18:28:39'),(241,509,'ai2025','2025-03-04 18:28:39'),(242,609,'ai2025','2025-03-04 18:28:39'),(243,709,'ai2025','2025-03-04 18:28:39'),(244,809,'ai2025','2025-03-04 18:28:39'),(245,909,'ai2025','2025-03-04 18:28:39'),(246,1009,'ai2025','2025-03-04 18:28:39'),(247,2009,'ai2025','2025-03-04 18:28:39'),(248,3009,'ai2025','2025-03-04 18:28:39'),(249,4009,'ai2025','2025-03-04 18:28:39'),(250,5009,'ai2025','2025-03-04 18:28:39'),(251,6009,'ai2025','2025-03-04 18:28:39'),(252,7009,'ai2025','2025-03-04 18:28:39'),(253,8009,'ai2025','2025-03-04 18:28:39'),(254,9009,'ai2025','2025-03-04 18:28:39'),(255,10,'ai2025','2025-03-04 18:28:39'),(256,20,'ai2025','2025-03-04 18:28:39'),(258,40,'ai2025','2025-03-04 18:28:39'),(259,50,'ai2025','2025-03-04 18:28:39'),(260,60,'ai2025','2025-03-04 18:28:39'),(261,70,'ai2025','2025-03-04 18:28:39'),(262,80,'ai2025','2025-03-04 18:28:39'),(263,90,'ai2025','2025-03-04 18:28:39'),(264,100,'ai2025','2025-03-04 18:28:39'),(265,110,'ai2025','2025-03-04 18:28:39'),(266,210,'ai2025','2025-03-04 18:28:39'),(267,310,'ai2025','2025-03-04 18:28:39'),(268,410,'ai2025','2025-03-04 18:28:39'),(269,510,'ai2025','2025-03-04 18:28:39'),(270,610,'ai2025','2025-03-04 18:28:39'),(271,710,'ai2025','2025-03-04 18:28:39'),(272,810,'ai2025','2025-03-04 18:28:39'),(273,910,'ai2025','2025-03-04 18:28:39'),(274,1010,'ai2025','2025-03-04 18:28:39'),(275,2010,'ai2025','2025-03-04 18:28:39'),(276,3010,'ai2025','2025-03-04 18:28:39'),(277,4010,'ai2025','2025-03-04 18:28:39'),(278,5010,'ai2025','2025-03-04 18:28:39'),(279,6010,'ai2025','2025-03-04 18:28:39'),(280,7010,'ai2025','2025-03-04 18:28:39'),(281,8010,'ai2025','2025-03-04 18:28:39'),(282,9010,'ai2025','2025-03-04 18:28:39'),(293,111,'ai2025','2025-03-04 18:28:39'),(294,211,'ai2025','2025-03-04 18:28:39'),(295,311,'ai2025','2025-03-04 18:28:39'),(296,411,'ai2025','2025-03-04 18:28:39'),(297,511,'ai2025','2025-03-04 18:28:39'),(298,611,'ai2025','2025-03-04 18:28:39'),(299,711,'ai2025','2025-03-04 18:28:39'),(300,811,'ai2025','2025-03-04 18:28:39'),(301,911,'ai2025','2025-03-04 18:28:39'),(302,1011,'ai2025','2025-03-04 18:28:39'),(303,2011,'ai2025','2025-03-04 18:28:39'),(304,3011,'ai2025','2025-03-04 18:28:39'),(305,4011,'ai2025','2025-03-04 18:28:39'),(306,5011,'ai2025','2025-03-04 18:28:39'),(307,6011,'ai2025','2025-03-04 18:28:39'),(308,7011,'ai2025','2025-03-04 18:28:39'),(309,8011,'ai2025','2025-03-04 18:28:39'),(310,9011,'ai2025','2025-03-04 18:28:39'),(321,112,'ai2025','2025-03-04 18:28:39'),(322,212,'ai2025','2025-03-04 18:28:39'),(323,312,'ai2025','2025-03-04 18:28:39'),(324,412,'ai2025','2025-03-04 18:28:39'),(325,512,'ai2025','2025-03-04 18:28:39'),(326,612,'ai2025','2025-03-04 18:28:39'),(327,712,'ai2025','2025-03-04 18:28:39'),(328,812,'ai2025','2025-03-04 18:28:39'),(329,912,'ai2025','2025-03-04 18:28:39'),(330,1012,'ai2025','2025-03-04 18:28:39'),(331,2012,'ai2025','2025-03-04 18:28:39'),(332,3012,'ai2025','2025-03-04 18:28:39'),(333,4012,'ai2025','2025-03-04 18:28:39'),(334,5012,'ai2025','2025-03-04 18:28:39'),(335,6012,'ai2025','2025-03-04 18:28:39'),(336,7012,'ai2025','2025-03-04 18:28:39'),(337,8012,'ai2025','2025-03-04 18:28:39'),(338,9012,'ai2025','2025-03-04 18:28:39'),(349,113,'ai2025','2025-03-04 18:28:39'),(350,213,'ai2025','2025-03-04 18:28:39'),(351,313,'ai2025','2025-03-04 18:28:39'),(352,413,'ai2025','2025-03-04 18:28:39'),(353,513,'ai2025','2025-03-04 18:28:39'),(354,613,'ai2025','2025-03-04 18:28:39'),(355,713,'ai2025','2025-03-04 18:28:39'),(356,813,'ai2025','2025-03-04 18:28:39'),(357,913,'ai2025','2025-03-04 18:28:39'),(358,1013,'ai2025','2025-03-04 18:28:39'),(359,2013,'ai2025','2025-03-04 18:28:39'),(360,3013,'ai2025','2025-03-04 18:28:39'),(361,4013,'ai2025','2025-03-04 18:28:39'),(362,5013,'ai2025','2025-03-04 18:28:39'),(363,6013,'ai2025','2025-03-04 18:28:39'),(364,7013,'ai2025','2025-03-04 18:28:39'),(365,8013,'ai2025','2025-03-04 18:28:39'),(366,9013,'ai2025','2025-03-04 18:28:39'),(377,114,'ai2025','2025-03-04 18:28:39'),(378,214,'ai2025','2025-03-04 18:28:39'),(379,314,'ai2025','2025-03-04 18:28:39'),(380,414,'ai2025','2025-03-04 18:28:39'),(381,514,'ai2025','2025-03-04 18:28:39'),(382,614,'ai2025','2025-03-04 18:28:39'),(383,714,'ai2025','2025-03-04 18:28:39'),(384,814,'ai2025','2025-03-04 18:28:39'),(385,914,'ai2025','2025-03-04 18:28:39'),(386,1014,'ai2025','2025-03-04 18:28:39'),(387,2014,'ai2025','2025-03-04 18:28:39'),(388,3014,'ai2025','2025-03-04 18:28:39'),(389,4014,'ai2025','2025-03-04 18:28:39'),(390,5014,'ai2025','2025-03-04 18:28:39'),(391,6014,'ai2025','2025-03-04 18:28:39'),(392,7014,'ai2025','2025-03-04 18:28:39'),(393,8014,'ai2025','2025-03-04 18:28:39'),(394,9014,'ai2025','2025-03-04 18:28:39'),(405,115,'ai2025','2025-03-04 18:28:39'),(406,215,'ai2025','2025-03-04 18:28:39'),(407,315,'ai2025','2025-03-04 18:28:39'),(408,415,'ai2025','2025-03-04 18:28:39'),(409,515,'ai2025','2025-03-04 18:28:39'),(410,615,'ai2025','2025-03-04 18:28:39'),(411,715,'ai2025','2025-03-04 18:28:39'),(412,815,'ai2025','2025-03-04 18:28:39'),(413,915,'ai2025','2025-03-04 18:28:39'),(414,1015,'ai2025','2025-03-04 18:28:39'),(415,2015,'ai2025','2025-03-04 18:28:39'),(416,3015,'ai2025','2025-03-04 18:28:39'),(417,4015,'ai2025','2025-03-04 18:28:39'),(418,5015,'ai2025','2025-03-04 18:28:39'),(419,6015,'ai2025','2025-03-04 18:28:39'),(420,7015,'ai2025','2025-03-04 18:28:39'),(421,8015,'ai2025','2025-03-04 18:28:39'),(422,9015,'ai2025','2025-03-04 18:28:39'),(433,116,'ai2025','2025-03-04 18:28:39'),(434,216,'ai2025','2025-03-04 18:28:39'),(435,316,'ai2025','2025-03-04 18:28:39'),(436,416,'ai2025','2025-03-04 18:28:39'),(437,516,'ai2025','2025-03-04 18:28:39'),(438,616,'ai2025','2025-03-04 18:28:39'),(439,716,'ai2025','2025-03-04 18:28:39'),(440,816,'ai2025','2025-03-04 18:28:39'),(441,916,'ai2025','2025-03-04 18:28:39'),(442,1016,'ai2025','2025-03-04 18:28:39'),(443,2016,'ai2025','2025-03-04 18:28:39'),(444,3016,'ai2025','2025-03-04 18:28:39'),(445,4016,'ai2025','2025-03-04 18:28:39'),(446,5016,'ai2025','2025-03-04 18:28:39'),(447,6016,'ai2025','2025-03-04 18:28:39'),(448,7016,'ai2025','2025-03-04 18:28:39'),(449,8016,'ai2025','2025-03-04 18:28:39'),(450,9016,'ai2025','2025-03-04 18:28:39'),(461,117,'ai2025','2025-03-04 18:28:39'),(462,217,'ai2025','2025-03-04 18:28:39'),(463,317,'ai2025','2025-03-04 18:28:39'),(464,417,'ai2025','2025-03-04 18:28:39'),(465,517,'ai2025','2025-03-04 18:28:39'),(466,617,'ai2025','2025-03-04 18:28:39'),(467,717,'ai2025','2025-03-04 18:28:39'),(468,817,'ai2025','2025-03-04 18:28:39'),(469,917,'ai2025','2025-03-04 18:28:39'),(470,1017,'ai2025','2025-03-04 18:28:39'),(471,2017,'ai2025','2025-03-04 18:28:39'),(472,3017,'ai2025','2025-03-04 18:28:39'),(473,4017,'ai2025','2025-03-04 18:28:39'),(474,5017,'ai2025','2025-03-04 18:28:39'),(475,6017,'ai2025','2025-03-04 18:28:39'),(476,7017,'ai2025','2025-03-04 18:28:39'),(477,8017,'ai2025','2025-03-04 18:28:39'),(478,9017,'ai2025','2025-03-04 18:28:39'),(489,118,'ai2025','2025-03-04 18:28:39'),(490,218,'ai2025','2025-03-04 18:28:39'),(491,318,'ai2025','2025-03-04 18:28:39'),(492,418,'ai2025','2025-03-04 18:28:39'),(493,518,'ai2025','2025-03-04 18:28:39'),(494,618,'ai2025','2025-03-04 18:28:39'),(495,718,'ai2025','2025-03-04 18:28:39'),(496,818,'ai2025','2025-03-04 18:28:39'),(497,918,'ai2025','2025-03-04 18:28:39'),(498,1018,'ai2025','2025-03-04 18:28:39'),(499,2018,'ai2025','2025-03-04 18:28:39'),(500,3018,'ai2025','2025-03-04 18:28:39'),(501,4018,'ai2025','2025-03-04 18:28:39'),(502,5018,'ai2025','2025-03-04 18:28:39'),(503,6018,'ai2025','2025-03-04 18:28:39'),(504,7018,'ai2025','2025-03-04 18:28:39'),(505,8018,'ai2025','2025-03-04 18:28:39'),(506,9018,'ai2025','2025-03-04 18:28:39'),(517,119,'ai2025','2025-03-04 18:28:39'),(518,219,'ai2025','2025-03-04 18:28:39'),(519,319,'ai2025','2025-03-04 18:28:39'),(520,419,'ai2025','2025-03-04 18:28:39'),(521,519,'ai2025','2025-03-04 18:28:39'),(522,619,'ai2025','2025-03-04 18:28:39'),(523,719,'ai2025','2025-03-04 18:28:39'),(524,819,'ai2025','2025-03-04 18:28:39'),(525,919,'ai2025','2025-03-04 18:28:39'),(526,1019,'ai2025','2025-03-04 18:28:39'),(527,2019,'ai2025','2025-03-04 18:28:39'),(528,3019,'ai2025','2025-03-04 18:28:39'),(529,4019,'ai2025','2025-03-04 18:28:39'),(530,5019,'ai2025','2025-03-04 18:28:39'),(531,6019,'ai2025','2025-03-04 18:28:39'),(532,7019,'ai2025','2025-03-04 18:28:39'),(533,8019,'ai2025','2025-03-04 18:28:39'),(534,9019,'ai2025','2025-03-04 18:28:39'),(545,120,'ai2025','2025-03-04 18:28:39'),(546,220,'ai2025','2025-03-04 18:28:39'),(547,320,'ai2025','2025-03-04 18:28:39'),(548,420,'ai2025','2025-03-04 18:28:39'),(549,520,'ai2025','2025-03-04 18:28:39'),(550,620,'ai2025','2025-03-04 18:28:39'),(551,720,'ai2025','2025-03-04 18:28:39'),(552,820,'ai2025','2025-03-04 18:28:39'),(553,920,'ai2025','2025-03-04 18:28:39'),(554,1020,'ai2025','2025-03-04 18:28:39'),(555,2020,'ai2025','2025-03-04 18:28:39'),(556,3020,'ai2025','2025-03-04 18:28:39'),(557,4020,'ai2025','2025-03-04 18:28:39'),(558,5020,'ai2025','2025-03-04 18:28:39'),(559,6020,'ai2025','2025-03-04 18:28:39'),(560,7020,'ai2025','2025-03-04 18:28:39'),(561,8020,'ai2025','2025-03-04 18:28:39'),(562,9020,'ai2025','2025-03-04 18:28:39'),(573,121,'ai2025','2025-03-04 18:28:39'),(574,221,'ai2025','2025-03-04 18:28:39'),(575,321,'ai2025','2025-03-04 18:28:39'),(576,421,'ai2025','2025-03-04 18:28:39'),(577,521,'ai2025','2025-03-04 18:28:39'),(578,621,'ai2025','2025-03-04 18:28:39'),(579,721,'ai2025','2025-03-04 18:28:39'),(580,821,'ai2025','2025-03-04 18:28:39'),(581,921,'ai2025','2025-03-04 18:28:39'),(582,1021,'ai2025','2025-03-04 18:28:39'),(583,2021,'ai2025','2025-03-04 18:28:39'),(584,3021,'ai2025','2025-03-04 18:28:39'),(585,4021,'ai2025','2025-03-04 18:28:39'),(586,5021,'ai2025','2025-03-04 18:28:39'),(587,6021,'ai2025','2025-03-04 18:28:39'),(588,7021,'ai2025','2025-03-04 18:28:39'),(589,8021,'ai2025','2025-03-04 18:28:39'),(590,9021,'ai2025','2025-03-04 18:28:39'),(601,122,'ai2025','2025-03-04 18:28:39'),(602,222,'ai2025','2025-03-04 18:28:39'),(603,322,'ai2025','2025-03-04 18:28:39'),(604,422,'ai2025','2025-03-04 18:28:39'),(605,522,'ai2025','2025-03-04 18:28:39'),(606,622,'ai2025','2025-03-04 18:28:39'),(607,722,'ai2025','2025-03-04 18:28:39'),(608,822,'ai2025','2025-03-04 18:28:39'),(609,922,'ai2025','2025-03-04 18:28:39'),(610,1022,'ai2025','2025-03-04 18:28:39'),(611,2022,'ai2025','2025-03-04 18:28:39'),(612,3022,'ai2025','2025-03-04 18:28:39'),(613,4022,'ai2025','2025-03-04 18:28:39'),(614,5022,'ai2025','2025-03-04 18:28:39'),(615,6022,'ai2025','2025-03-04 18:28:39'),(616,7022,'ai2025','2025-03-04 18:28:39'),(617,8022,'ai2025','2025-03-04 18:28:39'),(618,9022,'ai2025','2025-03-04 18:28:39'),(629,123,'ai2025','2025-03-04 18:28:39'),(630,223,'ai2025','2025-03-04 18:28:39'),(631,323,'ai2025','2025-03-04 18:28:39'),(632,423,'ai2025','2025-03-04 18:28:39'),(633,523,'ai2025','2025-03-04 18:28:39'),(634,623,'ai2025','2025-03-04 18:28:39'),(635,723,'ai2025','2025-03-04 18:28:39'),(636,823,'ai2025','2025-03-04 18:28:39'),(637,923,'ai2025','2025-03-04 18:28:39'),(638,1023,'ai2025','2025-03-04 18:28:39'),(639,2023,'ai2025','2025-03-04 18:28:39'),(640,3023,'ai2025','2025-03-04 18:28:39'),(641,4023,'ai2025','2025-03-04 18:28:39'),(642,5023,'ai2025','2025-03-04 18:28:39'),(643,6023,'ai2025','2025-03-04 18:28:39'),(644,7023,'ai2025','2025-03-04 18:28:39'),(645,8023,'ai2025','2025-03-04 18:28:39'),(646,9023,'ai2025','2025-03-04 18:28:39'),(657,124,'ai2025','2025-03-04 18:28:39'),(658,224,'ai2025','2025-03-04 18:28:39'),(659,324,'ai2025','2025-03-04 18:28:39'),(660,424,'ai2025','2025-03-04 18:28:39'),(661,524,'ai2025','2025-03-04 18:28:39'),(662,624,'ai2025','2025-03-04 18:28:39'),(663,724,'ai2025','2025-03-04 18:28:39'),(664,824,'ai2025','2025-03-04 18:28:39'),(665,924,'ai2025','2025-03-04 18:28:39'),(666,1024,'ai2025','2025-03-04 18:28:39'),(667,2024,'ai2025','2025-03-04 18:28:39'),(668,3024,'ai2025','2025-03-04 18:28:39'),(669,4024,'ai2025','2025-03-04 18:28:39'),(670,5024,'ai2025','2025-03-04 18:28:39'),(671,6024,'ai2025','2025-03-04 18:28:39'),(672,7024,'ai2025','2025-03-04 18:28:39'),(673,8024,'ai2025','2025-03-04 18:28:39'),(674,9024,'ai2025','2025-03-04 18:28:39'),(685,125,'ai2025','2025-03-04 18:28:39'),(686,225,'ai2025','2025-03-04 18:28:39'),(687,325,'ai2025','2025-03-04 18:28:39'),(688,425,'ai2025','2025-03-04 18:28:39'),(689,525,'ai2025','2025-03-04 18:28:39'),(690,625,'ai2025','2025-03-04 18:28:39'),(691,725,'ai2025','2025-03-04 18:28:39'),(692,825,'ai2025','2025-03-04 18:28:39'),(693,925,'ai2025','2025-03-04 18:28:39'),(694,1025,'ai2025','2025-03-04 18:28:39'),(695,2025,'ai2025','2025-03-04 18:28:39'),(696,3025,'ai2025','2025-03-04 18:28:39'),(697,4025,'ai2025','2025-03-04 18:28:39'),(698,5025,'ai2025','2025-03-04 18:28:39'),(699,6025,'ai2025','2025-03-04 18:28:39'),(700,7025,'ai2025','2025-03-04 18:28:39'),(701,8025,'ai2025','2025-03-04 18:28:39'),(702,9025,'ai2025','2025-03-04 18:28:39'),(713,126,'ai2025','2025-03-04 18:28:39'),(714,226,'ai2025','2025-03-04 18:28:39'),(715,326,'ai2025','2025-03-04 18:28:39'),(716,426,'ai2025','2025-03-04 18:28:39'),(717,526,'ai2025','2025-03-04 18:28:39'),(718,626,'ai2025','2025-03-04 18:28:39'),(719,726,'ai2025','2025-03-04 18:28:39'),(720,826,'ai2025','2025-03-04 18:28:39'),(721,926,'ai2025','2025-03-04 18:28:39'),(722,1026,'ai2025','2025-03-04 18:28:39'),(723,2026,'ai2025','2025-03-04 18:28:39'),(724,3026,'ai2025','2025-03-04 18:28:39'),(725,4026,'ai2025','2025-03-04 18:28:39'),(726,5026,'ai2025','2025-03-04 18:28:39'),(727,6026,'ai2025','2025-03-04 18:28:39'),(728,7026,'ai2025','2025-03-04 18:28:39'),(729,8026,'ai2025','2025-03-04 18:28:39'),(730,9026,'ai2025','2025-03-04 18:28:39'),(741,127,'ai2025','2025-03-04 18:28:39'),(742,227,'ai2025','2025-03-04 18:28:39'),(743,327,'ai2025','2025-03-04 18:28:39'),(744,427,'ai2025','2025-03-04 18:28:39'),(745,527,'ai2025','2025-03-04 18:28:39'),(746,627,'ai2025','2025-03-04 18:28:39'),(747,727,'ai2025','2025-03-04 18:28:39'),(748,827,'ai2025','2025-03-04 18:28:39'),(749,927,'ai2025','2025-03-04 18:28:39'),(750,1027,'ai2025','2025-03-04 18:28:39'),(751,2027,'ai2025','2025-03-04 18:28:39'),(752,3027,'ai2025','2025-03-04 18:28:39'),(753,4027,'ai2025','2025-03-04 18:28:39'),(754,5027,'ai2025','2025-03-04 18:28:39'),(755,6027,'ai2025','2025-03-04 18:28:39'),(756,7027,'ai2025','2025-03-04 18:28:39'),(757,8027,'ai2025','2025-03-04 18:28:39'),(758,9027,'ai2025','2025-03-04 18:28:39'),(769,128,'ai2025','2025-03-04 18:28:39'),(770,228,'ai2025','2025-03-04 18:28:39'),(771,328,'ai2025','2025-03-04 18:28:39'),(772,428,'ai2025','2025-03-04 18:28:39'),(773,528,'ai2025','2025-03-04 18:28:39'),(774,628,'ai2025','2025-03-04 18:28:39'),(775,728,'ai2025','2025-03-04 18:28:39'),(776,828,'ai2025','2025-03-04 18:28:39'),(777,928,'ai2025','2025-03-04 18:28:39'),(778,1028,'ai2025','2025-03-04 18:28:39'),(779,2028,'ai2025','2025-03-04 18:28:39'),(780,3028,'ai2025','2025-03-04 18:28:39'),(781,4028,'ai2025','2025-03-04 18:28:39'),(782,5028,'ai2025','2025-03-04 18:28:39'),(783,6028,'ai2025','2025-03-04 18:28:39'),(784,7028,'ai2025','2025-03-04 18:28:39'),(785,8028,'ai2025','2025-03-04 18:28:39'),(786,9028,'ai2025','2025-03-04 18:28:39'),(797,129,'ai2025','2025-03-04 18:28:39'),(798,229,'ai2025','2025-03-04 18:28:39'),(799,329,'ai2025','2025-03-04 18:28:39'),(800,429,'ai2025','2025-03-04 18:28:39'),(801,529,'ai2025','2025-03-04 18:28:39'),(802,629,'ai2025','2025-03-04 18:28:39'),(803,729,'ai2025','2025-03-04 18:28:39'),(804,829,'ai2025','2025-03-04 18:28:39'),(805,929,'ai2025','2025-03-04 18:28:39'),(806,1029,'ai2025','2025-03-04 18:28:39'),(807,2029,'ai2025','2025-03-04 18:28:39'),(808,3029,'ai2025','2025-03-04 18:28:39'),(809,4029,'ai2025','2025-03-04 18:28:39'),(810,5029,'ai2025','2025-03-04 18:28:39'),(811,6029,'ai2025','2025-03-04 18:28:39'),(812,7029,'ai2025','2025-03-04 18:28:39'),(813,8029,'ai2025','2025-03-04 18:28:39'),(814,9029,'ai2025','2025-03-04 18:28:39'),(825,130,'ai2025','2025-03-04 18:28:39'),(826,230,'ai2025','2025-03-04 18:28:39'),(827,330,'ai2025','2025-03-04 18:28:39'),(828,430,'ai2025','2025-03-04 18:28:39'),(829,530,'ai2025','2025-03-04 18:28:39'),(830,630,'ai2025','2025-03-04 18:28:39'),(831,730,'ai2025','2025-03-04 18:28:39'),(832,830,'ai2025','2025-03-04 18:28:39'),(833,930,'ai2025','2025-03-04 18:28:39'),(834,1030,'ai2025','2025-03-04 18:28:39'),(835,2030,'ai2025','2025-03-04 18:28:39'),(836,3030,'ai2025','2025-03-04 18:28:39'),(837,4030,'ai2025','2025-03-04 18:28:39'),(838,5030,'ai2025','2025-03-04 18:28:39'),(839,6030,'ai2025','2025-03-04 18:28:39'),(840,7030,'ai2025','2025-03-04 18:28:39'),(841,8030,'ai2025','2025-03-04 18:28:39'),(842,9030,'ai2025','2025-03-04 18:28:39'),(4096,5000,'ai2025','2025-03-04 18:34:26');
/*!40000 ALTER TABLE `api_keys` ENABLE KEYS */;
UNLOCK TABLES;

--
-- Table structure for table `configurations`
--

DROP TABLE IF EXISTS `configurations`;
/*!40101 SET @saved_cs_client     = @@character_set_client */;
/*!40101 SET character_set_client = utf8 */;
CREATE TABLE `configurations` (
  `id` int(11) NOT NULL AUTO_INCREMENT,
  `config_name` varchar(255) NOT NULL,
  `config_value` text NOT NULL,
  `created_at` timestamp NOT NULL DEFAULT current_timestamp(),
  `updated_at` timestamp NOT NULL DEFAULT current_timestamp() ON UPDATE current_timestamp(),
  PRIMARY KEY (`id`)
) ENGINE=InnoDB DEFAULT CHARSET=utf8mb4 COLLATE=utf8mb4_general_ci;
/*!40101 SET character_set_client = @saved_cs_client */;

--
-- Dumping data for table `configurations`
--

LOCK TABLES `configurations` WRITE;
/*!40000 ALTER TABLE `configurations` DISABLE KEYS */;
/*!40000 ALTER TABLE `configurations` ENABLE KEYS */;
UNLOCK TABLES;

--
-- Table structure for table `conversations`
--

DROP TABLE IF EXISTS `conversations`;
/*!40101 SET @saved_cs_client     = @@character_set_client */;
/*!40101 SET character_set_client = utf8 */;
CREATE TABLE `conversations` (
  `id` int(11) NOT NULL AUTO_INCREMENT,
  `lesson_id` int(11) NOT NULL,
  `speaker` varchar(100) DEFAULT NULL,
  `text` text DEFAULT NULL,
  PRIMARY KEY (`id`),
  KEY `lesson_id` (`lesson_id`),
  CONSTRAINT `conversations_ibfk_1` FOREIGN KEY (`lesson_id`) REFERENCES `lessons` (`id`)
) ENGINE=InnoDB AUTO_INCREMENT=2 DEFAULT CHARSET=utf8mb4 COLLATE=utf8mb4_general_ci;
/*!40101 SET character_set_client = @saved_cs_client */;

--
-- Dumping data for table `conversations`
--

LOCK TABLES `conversations` WRITE;
/*!40000 ALTER TABLE `conversations` DISABLE KEYS */;
/*!40000 ALTER TABLE `conversations` ENABLE KEYS */;
UNLOCK TABLES;

--
-- Table structure for table `coupons`
--

DROP TABLE IF EXISTS `coupons`;
/*!40101 SET @saved_cs_client     = @@character_set_client */;
/*!40101 SET character_set_client = utf8 */;
CREATE TABLE `coupons` (
  `id` int(11) NOT NULL AUTO_INCREMENT,
  `code` varchar(50) NOT NULL,
  `discount` decimal(5,2) NOT NULL,
  `expiration_date` date NOT NULL,
  `created_at` timestamp NOT NULL DEFAULT current_timestamp(),
  `updated_at` timestamp NOT NULL DEFAULT current_timestamp() ON UPDATE current_timestamp(),
  PRIMARY KEY (`id`),
  UNIQUE KEY `code` (`code`)
) ENGINE=InnoDB DEFAULT CHARSET=utf8mb4 COLLATE=utf8mb4_general_ci;
/*!40101 SET character_set_client = @saved_cs_client */;

--
-- Dumping data for table `coupons`
--

LOCK TABLES `coupons` WRITE;
/*!40000 ALTER TABLE `coupons` DISABLE KEYS */;
/*!40000 ALTER TABLE `coupons` ENABLE KEYS */;
UNLOCK TABLES;

--
-- Table structure for table `course_categories`
--

DROP TABLE IF EXISTS `course_categories`;
/*!40101 SET @saved_cs_client     = @@character_set_client */;
/*!40101 SET character_set_client = utf8 */;
CREATE TABLE `course_categories` (
  `id` int(11) NOT NULL AUTO_INCREMENT,
  `name` varchar(255) NOT NULL,
  `description` text DEFAULT NULL,
  `created_at` timestamp NOT NULL DEFAULT current_timestamp(),
  PRIMARY KEY (`id`)
) ENGINE=InnoDB DEFAULT CHARSET=utf8mb4 COLLATE=utf8mb4_general_ci;
/*!40101 SET character_set_client = @saved_cs_client */;

--
-- Dumping data for table `course_categories`
--

LOCK TABLES `course_categories` WRITE;
/*!40000 ALTER TABLE `course_categories` DISABLE KEYS */;
/*!40000 ALTER TABLE `course_categories` ENABLE KEYS */;
UNLOCK TABLES;

--
-- Table structure for table `course_category_assignments`
--

DROP TABLE IF EXISTS `course_category_assignments`;
/*!40101 SET @saved_cs_client     = @@character_set_client */;
/*!40101 SET character_set_client = utf8 */;
CREATE TABLE `course_category_assignments` (
  `id` int(11) NOT NULL AUTO_INCREMENT,
  `course_id` int(11) NOT NULL,
  `category_id` int(11) NOT NULL,
  PRIMARY KEY (`id`),
  KEY `course_id` (`course_id`),
  KEY `category_id` (`category_id`),
  CONSTRAINT `course_category_assignments_ibfk_1` FOREIGN KEY (`course_id`) REFERENCES `courses` (`id`),
  CONSTRAINT `course_category_assignments_ibfk_2` FOREIGN KEY (`category_id`) REFERENCES `course_categories` (`id`)
) ENGINE=InnoDB DEFAULT CHARSET=utf8mb4 COLLATE=utf8mb4_general_ci;
/*!40101 SET character_set_client = @saved_cs_client */;

--
-- Dumping data for table `course_category_assignments`
--

LOCK TABLES `course_category_assignments` WRITE;
/*!40000 ALTER TABLE `course_category_assignments` DISABLE KEYS */;
/*!40000 ALTER TABLE `course_category_assignments` ENABLE KEYS */;
UNLOCK TABLES;

--
-- Table structure for table `course_tags`
--

DROP TABLE IF EXISTS `course_tags`;
/*!40101 SET @saved_cs_client     = @@character_set_client */;
/*!40101 SET character_set_client = utf8 */;
CREATE TABLE `course_tags` (
  `id` int(11) NOT NULL AUTO_INCREMENT,
  `course_id` int(11) NOT NULL,
  `tag_id` int(11) NOT NULL,
  PRIMARY KEY (`id`),
  KEY `course_id` (`course_id`),
  KEY `tag_id` (`tag_id`),
  CONSTRAINT `course_tags_ibfk_1` FOREIGN KEY (`course_id`) REFERENCES `courses` (`id`),
  CONSTRAINT `course_tags_ibfk_2` FOREIGN KEY (`tag_id`) REFERENCES `tags` (`id`)
) ENGINE=InnoDB DEFAULT CHARSET=utf8mb4 COLLATE=utf8mb4_general_ci;
/*!40101 SET character_set_client = @saved_cs_client */;

--
-- Dumping data for table `course_tags`
--

LOCK TABLES `course_tags` WRITE;
/*!40000 ALTER TABLE `course_tags` DISABLE KEYS */;
/*!40000 ALTER TABLE `course_tags` ENABLE KEYS */;
UNLOCK TABLES;

--
-- Table structure for table `courses`
--

DROP TABLE IF EXISTS `courses`;
/*!40101 SET @saved_cs_client     = @@character_set_client */;
/*!40101 SET character_set_client = utf8 */;
CREATE TABLE `courses` (
  `id` int(11) NOT NULL AUTO_INCREMENT,
  `title` varchar(100) NOT NULL,
  `description` text DEFAULT NULL,
  `price` decimal(10,2) DEFAULT 0.00,
  `duration` int(11) DEFAULT 0,
  `instructor_id` int(11) DEFAULT NULL,
  `created_at` timestamp NOT NULL DEFAULT current_timestamp(),
  `updated_at` timestamp NOT NULL DEFAULT current_timestamp() ON UPDATE current_timestamp(),
  PRIMARY KEY (`id`),
  KEY `courses_ibfk_1` (`instructor_id`)
) ENGINE=InnoDB AUTO_INCREMENT=6 DEFAULT CHARSET=utf8mb4 COLLATE=utf8mb4_general_ci;
/*!40101 SET character_set_client = @saved_cs_client */;

--
-- Dumping data for table `courses`
--

LOCK TABLES `courses` WRITE;
/*!40000 ALTER TABLE `courses` DISABLE KEYS */;
INSERT INTO `courses` VALUES (5,'General Course','Default course for existing lessons',0.00,0,NULL,'2025-02-21 10:28:09','2025-02-21 10:28:09');
/*!40000 ALTER TABLE `courses` ENABLE KEYS */;
UNLOCK TABLES;

--
-- Table structure for table `default_settings`
--

DROP TABLE IF EXISTS `default_settings`;
/*!40101 SET @saved_cs_client     = @@character_set_client */;
/*!40101 SET character_set_client = utf8 */;
CREATE TABLE `default_settings` (
  `lesson_id` int(11) NOT NULL,
  `is_locked` tinyint(1) DEFAULT 1,
  PRIMARY KEY (`lesson_id`)
) ENGINE=InnoDB DEFAULT CHARSET=utf8mb4 COLLATE=utf8mb4_general_ci;
/*!40101 SET character_set_client = @saved_cs_client */;

--
-- Dumping data for table `default_settings`
--

LOCK TABLES `default_settings` WRITE;
/*!40000 ALTER TABLE `default_settings` DISABLE KEYS */;
INSERT INTO `default_settings` VALUES (1,1),(2,1),(3,1),(4,1),(5,1),(6,1),(7,1),(8,1),(9,1),(10,1),(11,1),(12,1);
/*!40000 ALTER TABLE `default_settings` ENABLE KEYS */;
UNLOCK TABLES;

--
-- Table structure for table `discounts`
--

DROP TABLE IF EXISTS `discounts`;
/*!40101 SET @saved_cs_client     = @@character_set_client */;
/*!40101 SET character_set_client = utf8 */;
CREATE TABLE `discounts` (
  `id` int(11) NOT NULL AUTO_INCREMENT,
  `code` varchar(50) NOT NULL,
  `discount_percentage` decimal(5,2) NOT NULL,
  `valid_from` timestamp NOT NULL DEFAULT current_timestamp() ON UPDATE current_timestamp(),
  `valid_until` timestamp NOT NULL DEFAULT '0000-00-00 00:00:00',
  `created_at` timestamp NOT NULL DEFAULT current_timestamp(),
  PRIMARY KEY (`id`),
  UNIQUE KEY `code` (`code`)
) ENGINE=InnoDB DEFAULT CHARSET=utf8mb4 COLLATE=utf8mb4_general_ci;
/*!40101 SET character_set_client = @saved_cs_client */;

--
-- Dumping data for table `discounts`
--

LOCK TABLES `discounts` WRITE;
/*!40000 ALTER TABLE `discounts` DISABLE KEYS */;
/*!40000 ALTER TABLE `discounts` ENABLE KEYS */;
UNLOCK TABLES;

--
-- Table structure for table `enrollments`
--

DROP TABLE IF EXISTS `enrollments`;
/*!40101 SET @saved_cs_client     = @@character_set_client */;
/*!40101 SET character_set_client = utf8 */;
CREATE TABLE `enrollments` (
  `id` int(11) NOT NULL AUTO_INCREMENT,
  `user_id` int(11) NOT NULL,
  `course_id` int(11) NOT NULL,
  `enrolled_at` timestamp NOT NULL DEFAULT current_timestamp(),
  PRIMARY KEY (`id`),
  KEY `user_id` (`user_id`),
  KEY `course_id` (`course_id`),
  CONSTRAINT `enrollments_ibfk_1` FOREIGN KEY (`user_id`) REFERENCES `users` (`id`),
  CONSTRAINT `enrollments_ibfk_2` FOREIGN KEY (`course_id`) REFERENCES `courses` (`id`)
) ENGINE=InnoDB DEFAULT CHARSET=utf8mb4 COLLATE=utf8mb4_general_ci;
/*!40101 SET character_set_client = @saved_cs_client */;

--
-- Dumping data for table `enrollments`
--

LOCK TABLES `enrollments` WRITE;
/*!40000 ALTER TABLE `enrollments` DISABLE KEYS */;
/*!40000 ALTER TABLE `enrollments` ENABLE KEYS */;
UNLOCK TABLES;

--
-- Table structure for table `faqs`
--

DROP TABLE IF EXISTS `faqs`;
/*!40101 SET @saved_cs_client     = @@character_set_client */;
/*!40101 SET character_set_client = utf8 */;
CREATE TABLE `faqs` (
  `id` int(11) NOT NULL AUTO_INCREMENT,
  `question` text NOT NULL,
  `answer` text NOT NULL,
  `created_at` timestamp NOT NULL DEFAULT current_timestamp(),
  PRIMARY KEY (`id`)
) ENGINE=InnoDB DEFAULT CHARSET=utf8mb4 COLLATE=utf8mb4_general_ci;
/*!40101 SET character_set_client = @saved_cs_client */;

--
-- Dumping data for table `faqs`
--

LOCK TABLES `faqs` WRITE;
/*!40000 ALTER TABLE `faqs` DISABLE KEYS */;
/*!40000 ALTER TABLE `faqs` ENABLE KEYS */;
UNLOCK TABLES;

--
-- Table structure for table `lesson_history`
--

DROP TABLE IF EXISTS `lesson_history`;
/*!40101 SET @saved_cs_client     = @@character_set_client */;
/*!40101 SET character_set_client = utf8 */;
CREATE TABLE `lesson_history` (
  `id` int(11) NOT NULL AUTO_INCREMENT,
  `user_id` int(11) NOT NULL,
  `lesson_numbers` varchar(255) NOT NULL,
  `action` enum('lock','unlock') NOT NULL,
  `performed_at` timestamp NOT NULL DEFAULT current_timestamp(),
  PRIMARY KEY (`id`),
  KEY `user_id` (`user_id`),
  CONSTRAINT `lesson_history_ibfk_1` FOREIGN KEY (`user_id`) REFERENCES `users` (`id`) ON DELETE CASCADE
) ENGINE=InnoDB DEFAULT CHARSET=utf8mb4 COLLATE=utf8mb4_general_ci;
/*!40101 SET character_set_client = @saved_cs_client */;

--
-- Dumping data for table `lesson_history`
--

LOCK TABLES `lesson_history` WRITE;
/*!40000 ALTER TABLE `lesson_history` DISABLE KEYS */;
/*!40000 ALTER TABLE `lesson_history` ENABLE KEYS */;
UNLOCK TABLES;

--
-- Table structure for table `lesson_locks`
--

DROP TABLE IF EXISTS `lesson_locks`;
/*!40101 SET @saved_cs_client     = @@character_set_client */;
/*!40101 SET character_set_client = utf8 */;
CREATE TABLE `lesson_locks` (
  `id` int(11) NOT NULL AUTO_INCREMENT,
  `lesson_id` int(11) NOT NULL,
  `user_id` varchar(255) NOT NULL,
  `user_email` varchar(255) DEFAULT NULL,
  `is_locked` tinyint(1) NOT NULL,
  `unlock_date` datetime DEFAULT NULL,
  PRIMARY KEY (`id`),
  UNIQUE KEY `lesson_id` (`lesson_id`,`user_id`)
) ENGINE=InnoDB AUTO_INCREMENT=100 DEFAULT CHARSET=utf8mb4 COLLATE=utf8mb4_general_ci;
/*!40101 SET character_set_client = @saved_cs_client */;

--
-- Dumping data for table `lesson_locks`
--

LOCK TABLES `lesson_locks` WRITE;
/*!40000 ALTER TABLE `lesson_locks` DISABLE KEYS */;
INSERT INTO `lesson_locks` VALUES (1,6,'30','amir2222@yahoo.com',1,'2025-03-05 07:29:28'),(2,7,'30','amir2222@yahoo.com',1,'2025-03-05 07:29:28'),(3,8,'30','amir2222@yahoo.com',1,'2025-03-05 07:29:28'),(4,9,'30','amir2222@yahoo.com',1,'2025-03-05 07:29:28'),(5,10,'30','amir2222@yahoo.com',1,'2025-03-05 07:29:28'),(6,11,'30','amir2222@yahoo.com',1,'2025-03-05 07:29:28'),(7,12,'30','amir2222@yahoo.com',1,'2025-03-05 07:29:28'),(8,1,'30','amir2222@yahoo.com',1,'2025-03-05 07:29:28'),(9,2,'30','amir2222@yahoo.com',1,'2025-03-05 07:29:28'),(10,3,'30','amir2222@yahoo.com',1,'2025-03-05 07:29:28'),(11,4,'30','amir2222@yahoo.com',1,'2025-03-05 07:29:28'),(12,5,'30','amir2222@yahoo.com',1,'2025-03-05 07:29:28'),(13,6,'40','samir6600@yahoo.com',1,'2025-03-05 06:27:37'),(14,7,'40','samir6600@yahoo.com',1,'2025-03-05 06:30:37'),(15,8,'40','samir6600@yahoo.com',1,'2025-03-05 06:30:37'),(16,9,'40','samir6600@yahoo.com',1,'2025-03-05 06:30:37'),(17,10,'40','samir6600@yahoo.com',1,'2025-03-05 06:30:37'),(18,11,'40','samir6600@yahoo.com',1,'2025-03-05 06:30:37'),(19,12,'40','samir6600@yahoo.com',1,'2025-03-05 06:30:37'),(20,1,'40','samir6600@yahoo.com',1,'2025-03-05 06:27:37'),(21,2,'40','samir6600@yahoo.com',1,'2025-03-05 06:27:37'),(22,3,'40','samir6600@yahoo.com',1,'2025-03-05 06:27:37'),(23,4,'40','samir6600@yahoo.com',1,'2025-03-05 06:27:37'),(24,5,'40','samir6600@yahoo.com',1,'2025-03-05 06:27:37'),(25,1,'41','test@example.com',1,'2025-03-05 06:52:31'),(38,1,'0','amir2222@yahoo.com',1,'2025-03-05 07:06:06'),(39,2,'0','amir2222@yahoo.com',1,'2025-03-05 07:06:06'),(40,3,'0','amir2222@yahoo.com',1,'2025-03-05 07:06:06'),(41,4,'0','amir2222@yahoo.com',1,'2025-03-05 07:06:06'),(42,5,'0','amir2222@yahoo.com',1,'2025-03-05 07:06:06'),(43,6,'0','amir2222@yahoo.com',1,'2025-03-05 07:06:06'),(44,7,'0','amir2222@yahoo.com',1,'2025-03-05 07:06:06'),(45,8,'0','amir2222@yahoo.com',1,'2025-03-05 07:06:06'),(46,9,'0','amir2222@yahoo.com',1,'2025-03-05 07:06:06'),(47,10,'0','amir2222@yahoo.com',1,'2025-03-05 07:06:06'),(48,11,'0','amir2222@yahoo.com',1,'2025-03-05 07:06:06'),(49,12,'0','amir2222@yahoo.com',1,'2025-03-05 07:06:06'),(54,6,'44',NULL,1,NULL),(55,12,'44',NULL,1,NULL),(56,3,'6660','',1,'2025-03-05 21:55:51'),(57,8,'6660','',1,'2025-03-05 21:56:02'),(58,12,'6660','',1,'2025-03-05 21:56:08'),(59,4,'6660','',1,'2025-03-05 21:57:02'),(60,10,'6660','',1,'2025-03-05 21:57:26'),(61,6,'6660','',1,'2025-03-05 21:57:37'),(62,11,'2222','',1,'2025-03-05 21:58:36'),(63,1,'2222','',1,'2025-03-05 21:58:55'),(83,6,'2222',NULL,1,'2025-03-07 05:47:50'),(85,12,'2222',NULL,1,'2025-03-07 05:55:39'),(86,7,'2222',NULL,1,'2025-03-07 05:59:53'),(87,7,'64467b64-fb1c-11ef-8f16-960004106bbd',NULL,0,'2025-03-07 10:26:20'),(88,11,'67ca9b11cde42',NULL,1,'2025-03-07 07:10:49'),(89,8,'67ca9b11cde42',NULL,1,'2025-03-07 07:17:36'),(90,10,'67ca9b11cde42',NULL,1,'2025-03-07 07:17:58'),(91,6,'67ca9b11cde42',NULL,1,'2025-03-07 07:18:27'),(92,9,'67ca9b11cde42',NULL,1,'2025-03-07 07:28:49'),(93,8,'67caa07da96ef',NULL,0,'2025-03-07 07:51:25'),(94,7,'67caa07da96ef',NULL,0,'2025-03-07 07:49:10'),(96,10,'67caa07da96ef',NULL,0,'2025-03-07 07:59:39'),(97,9,'67caa07da96ef',NULL,0,'2025-03-07 08:00:43'),(98,10,'67caa862978b9',NULL,0,'2025-03-07 08:08:05');
/*!40000 ALTER TABLE `lesson_locks` ENABLE KEYS */;
UNLOCK TABLES;

--
-- Table structure for table `lesson_locks_backup`
--

DROP TABLE IF EXISTS `lesson_locks_backup`;
/*!40101 SET @saved_cs_client     = @@character_set_client */;
/*!40101 SET character_set_client = utf8 */;
CREATE TABLE `lesson_locks_backup` (
  `lesson_id` int(11) NOT NULL,
  `is_locked` tinyint(1) DEFAULT 1
) ENGINE=InnoDB DEFAULT CHARSET=utf8mb4 COLLATE=utf8mb4_general_ci;
/*!40101 SET character_set_client = @saved_cs_client */;

--
-- Dumping data for table `lesson_locks_backup`
--

LOCK TABLES `lesson_locks_backup` WRITE;
/*!40000 ALTER TABLE `lesson_locks_backup` DISABLE KEYS */;
INSERT INTO `lesson_locks_backup` VALUES (1,1),(2,1),(3,1),(4,0),(5,0),(6,0),(7,0),(8,0),(9,0),(10,0),(11,0),(12,0),(89,0),(90,0),(93,0),(94,0),(97,0),(98,0);
/*!40000 ALTER TABLE `lesson_locks_backup` ENABLE KEYS */;
UNLOCK TABLES;

--
-- Table structure for table `lesson_progress`
--

DROP TABLE IF EXISTS `lesson_progress`;
/*!40101 SET @saved_cs_client     = @@character_set_client */;
/*!40101 SET character_set_client = utf8 */;
CREATE TABLE `lesson_progress` (
  `id` int(11) NOT NULL AUTO_INCREMENT,
  `user_id` int(11) NOT NULL,
  `lesson_id` int(11) NOT NULL,
  `progress_percentage` int(11) NOT NULL,
  `completed` tinyint(1) DEFAULT 0,
  PRIMARY KEY (`id`),
  KEY `lesson_id` (`lesson_id`),
  KEY `lesson_progress_ibfk_1` (`user_id`),
  CONSTRAINT `lesson_progress_ibfk_1` FOREIGN KEY (`user_id`) REFERENCES `users` (`id`) ON DELETE CASCADE,
  CONSTRAINT `lesson_progress_ibfk_2` FOREIGN KEY (`lesson_id`) REFERENCES `lessons` (`id`)
) ENGINE=InnoDB AUTO_INCREMENT=7 DEFAULT CHARSET=utf8mb4 COLLATE=utf8mb4_general_ci;
/*!40101 SET character_set_client = @saved_cs_client */;

--
-- Dumping data for table `lesson_progress`
--

LOCK TABLES `lesson_progress` WRITE;
/*!40000 ALTER TABLE `lesson_progress` DISABLE KEYS */;
/*!40000 ALTER TABLE `lesson_progress` ENABLE KEYS */;
UNLOCK TABLES;

--
-- Table structure for table `lessons`
--

DROP TABLE IF EXISTS `lessons`;
/*!40101 SET @saved_cs_client     = @@character_set_client */;
/*!40101 SET character_set_client = utf8 */;
CREATE TABLE `lessons` (
  `id` int(11) NOT NULL AUTO_INCREMENT,
  `course_id` int(11) DEFAULT 0,
  `title` varchar(255) NOT NULL,
  `content` text DEFAULT NULL,
  `video_url` varchar(255) DEFAULT NULL,
  `created_at` timestamp NOT NULL DEFAULT current_timestamp(),
  `updated_at` timestamp NOT NULL DEFAULT current_timestamp() ON UPDATE current_timestamp(),
  `level` varchar(50) DEFAULT NULL,
  `category` varchar(255) DEFAULT NULL,
  PRIMARY KEY (`id`),
  KEY `course_id` (`course_id`),
  CONSTRAINT `lessons_ibfk_1` FOREIGN KEY (`course_id`) REFERENCES `courses` (`id`)
) ENGINE=InnoDB AUTO_INCREMENT=13 DEFAULT CHARSET=utf8mb4 COLLATE=utf8mb4_general_ci;
/*!40101 SET character_set_client = @saved_cs_client */;

--
-- Dumping data for table `lessons`
--

LOCK TABLES `lessons` WRITE;
/*!40000 ALTER TABLE `lessons` DISABLE KEYS */;
INSERT INTO `lessons` VALUES (1,5,'Lesson One','محتوای درس ۱',NULL,'2025-02-21 12:33:35','2025-02-21 12:33:35',NULL,NULL),(2,5,'Lesson Two','محتوای درس ۲',NULL,'2025-02-21 12:33:35','2025-02-21 12:33:35',NULL,NULL),(3,5,'Lesson Three','محتوای درس ۳',NULL,'2025-02-21 12:33:35','2025-02-21 12:33:35',NULL,NULL),(4,5,'Lesson Four','محتوای درس ۴',NULL,'2025-02-21 12:33:35','2025-02-21 12:33:35',NULL,NULL),(5,5,'Lesson Five','محتوای درس ۵',NULL,'2025-02-21 12:33:35','2025-02-21 12:33:35',NULL,NULL),(6,5,'Lesson Six','محتوای درس ۶',NULL,'2025-02-21 12:33:35','2025-02-21 12:33:35',NULL,NULL),(7,5,'Lesson Seven','محتوای درس ۷',NULL,'2025-02-21 12:33:35','2025-02-21 12:33:35',NULL,NULL),(8,5,'Lesson Eight','محتوای درس ۸',NULL,'2025-02-21 12:33:35','2025-02-21 12:33:35',NULL,NULL),(9,5,'Lesson Nine','محتوای درس ۹',NULL,'2025-02-21 12:33:35','2025-02-21 12:33:35',NULL,NULL),(10,5,'Lesson Ten','محتوای درس ۱۰',NULL,'2025-02-21 12:33:35','2025-02-21 12:33:35',NULL,NULL),(11,5,'Lesson Eleven','محتوای درس ۱۱',NULL,'2025-02-21 12:33:35','2025-02-21 12:33:35',NULL,NULL),(12,5,'Lesson Twelve','محتوای درس ۱۲',NULL,'2025-02-21 12:33:35','2025-02-21 12:33:35',NULL,NULL);
/*!40000 ALTER TABLE `lessons` ENABLE KEYS */;
UNLOCK TABLES;

--
-- Table structure for table `likes`
--

DROP TABLE IF EXISTS `likes`;
/*!40101 SET @saved_cs_client     = @@character_set_client */;
/*!40101 SET character_set_client = utf8 */;
CREATE TABLE `likes` (
  `id` int(11) NOT NULL AUTO_INCREMENT,
  `lesson_id` int(11) NOT NULL,
  `user_id` int(11) NOT NULL,
  `created_at` timestamp NOT NULL DEFAULT current_timestamp(),
  PRIMARY KEY (`id`),
  KEY `lesson_id` (`lesson_id`),
  KEY `user_id` (`user_id`),
  CONSTRAINT `likes_ibfk_1` FOREIGN KEY (`lesson_id`) REFERENCES `lessons` (`id`),
  CONSTRAINT `likes_ibfk_2` FOREIGN KEY (`user_id`) REFERENCES `users` (`id`)
) ENGINE=InnoDB DEFAULT CHARSET=utf8mb4 COLLATE=utf8mb4_general_ci;
/*!40101 SET character_set_client = @saved_cs_client */;

--
-- Dumping data for table `likes`
--

LOCK TABLES `likes` WRITE;
/*!40000 ALTER TABLE `likes` DISABLE KEYS */;
/*!40000 ALTER TABLE `likes` ENABLE KEYS */;
UNLOCK TABLES;

--
-- Table structure for table `lock_history`
--

DROP TABLE IF EXISTS `lock_history`;
/*!40101 SET @saved_cs_client     = @@character_set_client */;
/*!40101 SET character_set_client = utf8 */;
CREATE TABLE `lock_history` (
  `id` int(11) NOT NULL AUTO_INCREMENT,
  `uid` int(11) NOT NULL,
  `email` varchar(255) NOT NULL,
  `action` enum('lock','unlock') NOT NULL,
  `lessons` varchar(255) NOT NULL,
  `action_date` timestamp NOT NULL DEFAULT current_timestamp(),
  PRIMARY KEY (`id`)
) ENGINE=InnoDB AUTO_INCREMENT=13 DEFAULT CHARSET=utf8mb4 COLLATE=utf8mb4_general_ci;
/*!40101 SET character_set_client = @saved_cs_client */;

--
-- Dumping data for table `lock_history`
--

LOCK TABLES `lock_history` WRITE;
/*!40000 ALTER TABLE `lock_history` DISABLE KEYS */;
INSERT INTO `lock_history` VALUES (1,40,'','unlock','6,7,8,9,10,11,12','2025-03-04 23:11:49'),(2,40,'','unlock','1,2,3,4,5,6,7,8,9,10,11,12','2025-03-05 06:20:14'),(3,30,'amir2222@yahoo.com','unlock','1,2,3,4,5,6,7,8,9,10,11,12','2025-03-05 06:59:55'),(4,6660,'','unlock','3','2025-03-05 21:55:51'),(5,6660,'','unlock','8','2025-03-05 21:56:02'),(6,6660,'','unlock','12','2025-03-05 21:56:08'),(7,6660,'','unlock','4','2025-03-05 21:57:02'),(8,6660,'','unlock','10','2025-03-05 21:57:26'),(9,6660,'','unlock','6','2025-03-05 21:57:37'),(10,2222,'','unlock','11','2025-03-05 21:58:36'),(11,2222,'','unlock','1','2025-03-05 21:58:55'),(12,30,'amir2222@yahoo.com','unlock','1','2025-03-06 14:34:19');
/*!40000 ALTER TABLE `lock_history` ENABLE KEYS */;
UNLOCK TABLES;

--
-- Table structure for table `notifications`
--

DROP TABLE IF EXISTS `notifications`;
/*!40101 SET @saved_cs_client     = @@character_set_client */;
/*!40101 SET character_set_client = utf8 */;
CREATE TABLE `notifications` (
  `id` int(11) NOT NULL AUTO_INCREMENT,
  `user_id` int(11) NOT NULL,
  `message` text NOT NULL,
  `status` enum('unread','read') DEFAULT 'unread',
  `created_at` timestamp NOT NULL DEFAULT current_timestamp(),
  PRIMARY KEY (`id`),
  KEY `user_id` (`user_id`),
  CONSTRAINT `notifications_ibfk_1` FOREIGN KEY (`user_id`) REFERENCES `users` (`id`)
) ENGINE=InnoDB DEFAULT CHARSET=utf8mb4 COLLATE=utf8mb4_general_ci;
/*!40101 SET character_set_client = @saved_cs_client */;

--
-- Dumping data for table `notifications`
--

LOCK TABLES `notifications` WRITE;
/*!40000 ALTER TABLE `notifications` DISABLE KEYS */;
/*!40000 ALTER TABLE `notifications` ENABLE KEYS */;
UNLOCK TABLES;

--
-- Table structure for table `orders`
--

DROP TABLE IF EXISTS `orders`;
/*!40101 SET @saved_cs_client     = @@character_set_client */;
/*!40101 SET character_set_client = utf8 */;
CREATE TABLE `orders` (
  `id` int(11) NOT NULL AUTO_INCREMENT,
  `user_id` int(11) NOT NULL,
  `product_id` int(11) NOT NULL,
  `quantity` int(11) NOT NULL,
  `total_price` decimal(10,2) NOT NULL,
  PRIMARY KEY (`id`)
) ENGINE=InnoDB DEFAULT CHARSET=utf8mb4 COLLATE=utf8mb4_general_ci;
/*!40101 SET character_set_client = @saved_cs_client */;

--
-- Dumping data for table `orders`
--

LOCK TABLES `orders` WRITE;
/*!40000 ALTER TABLE `orders` DISABLE KEYS */;
/*!40000 ALTER TABLE `orders` ENABLE KEYS */;
UNLOCK TABLES;

--
-- Table structure for table `password_resets`
--

DROP TABLE IF EXISTS `password_resets`;
/*!40101 SET @saved_cs_client     = @@character_set_client */;
/*!40101 SET character_set_client = utf8 */;
CREATE TABLE `password_resets` (
  `id` int(11) NOT NULL AUTO_INCREMENT,
  `email` varchar(255) NOT NULL,
  `token` varchar(64) NOT NULL,
  `created_at` timestamp NOT NULL DEFAULT current_timestamp(),
  PRIMARY KEY (`id`)
) ENGINE=InnoDB DEFAULT CHARSET=utf8mb4 COLLATE=utf8mb4_general_ci;
/*!40101 SET character_set_client = @saved_cs_client */;

--
-- Dumping data for table `password_resets`
--

LOCK TABLES `password_resets` WRITE;
/*!40000 ALTER TABLE `password_resets` DISABLE KEYS */;
/*!40000 ALTER TABLE `password_resets` ENABLE KEYS */;
UNLOCK TABLES;

--
-- Table structure for table `payment_methods`
--

DROP TABLE IF EXISTS `payment_methods`;
/*!40101 SET @saved_cs_client     = @@character_set_client */;
/*!40101 SET character_set_client = utf8 */;
CREATE TABLE `payment_methods` (
  `id` int(11) NOT NULL AUTO_INCREMENT,
  `name` varchar(255) NOT NULL,
  `description` text DEFAULT NULL,
  PRIMARY KEY (`id`)
) ENGINE=InnoDB DEFAULT CHARSET=utf8mb4 COLLATE=utf8mb4_general_ci;
/*!40101 SET character_set_client = @saved_cs_client */;

--
-- Dumping data for table `payment_methods`
--

LOCK TABLES `payment_methods` WRITE;
/*!40000 ALTER TABLE `payment_methods` DISABLE KEYS */;
/*!40000 ALTER TABLE `payment_methods` ENABLE KEYS */;
UNLOCK TABLES;

--
-- Table structure for table `payments`
--

DROP TABLE IF EXISTS `payments`;
/*!40101 SET @saved_cs_client     = @@character_set_client */;
/*!40101 SET character_set_client = utf8 */;
CREATE TABLE `payments` (
  `id` int(11) NOT NULL AUTO_INCREMENT,
  `user_id` int(11) NOT NULL,
  `course_id` int(11) NOT NULL,
  `amount` decimal(10,2) NOT NULL,
  `payment_date` timestamp NOT NULL DEFAULT current_timestamp(),
  `payment_status` enum('pending','completed','failed') DEFAULT 'pending',
  PRIMARY KEY (`id`),
  KEY `user_id` (`user_id`),
  KEY `course_id` (`course_id`),
  CONSTRAINT `payments_ibfk_1` FOREIGN KEY (`user_id`) REFERENCES `users` (`id`),
  CONSTRAINT `payments_ibfk_2` FOREIGN KEY (`course_id`) REFERENCES `courses` (`id`)
) ENGINE=InnoDB DEFAULT CHARSET=utf8mb4 COLLATE=utf8mb4_general_ci;
/*!40101 SET character_set_client = @saved_cs_client */;

--
-- Dumping data for table `payments`
--

LOCK TABLES `payments` WRITE;
/*!40000 ALTER TABLE `payments` DISABLE KEYS */;
/*!40000 ALTER TABLE `payments` ENABLE KEYS */;
UNLOCK TABLES;

--
-- Table structure for table `products`
--

DROP TABLE IF EXISTS `products`;
/*!40101 SET @saved_cs_client     = @@character_set_client */;
/*!40101 SET character_set_client = utf8 */;
CREATE TABLE `products` (
  `id` int(11) NOT NULL AUTO_INCREMENT,
  `name` varchar(100) NOT NULL,
  `price` decimal(10,2) NOT NULL,
  `category` varchar(50) NOT NULL,
  PRIMARY KEY (`id`)
) ENGINE=InnoDB DEFAULT CHARSET=utf8mb4 COLLATE=utf8mb4_general_ci;
/*!40101 SET character_set_client = @saved_cs_client */;

--
-- Dumping data for table `products`
--

LOCK TABLES `products` WRITE;
/*!40000 ALTER TABLE `products` DISABLE KEYS */;
/*!40000 ALTER TABLE `products` ENABLE KEYS */;
UNLOCK TABLES;

--
-- Table structure for table `purchases`
--

DROP TABLE IF EXISTS `purchases`;
/*!40101 SET @saved_cs_client     = @@character_set_client */;
/*!40101 SET character_set_client = utf8 */;
CREATE TABLE `purchases` (
  `id` int(11) NOT NULL AUTO_INCREMENT,
  `email` varchar(255) NOT NULL,
  `user_id` varchar(255) NOT NULL,
  `user_email` varchar(255) DEFAULT NULL,
  `transaction_hash` varchar(255) NOT NULL,
  `amount_trx` decimal(18,6) NOT NULL,
  `deposit_address` varchar(255) NOT NULL,
  `lesson_id` int(11) DEFAULT NULL,
  `created_at` timestamp NOT NULL DEFAULT current_timestamp(),
  PRIMARY KEY (`id`)
) ENGINE=InnoDB AUTO_INCREMENT=7 DEFAULT CHARSET=utf8mb4 COLLATE=utf8mb4_general_ci;
/*!40101 SET character_set_client = @saved_cs_client */;

--
-- Dumping data for table `purchases`
--

LOCK TABLES `purchases` WRITE;
/*!40000 ALTER TABLE `purchases` DISABLE KEYS */;
INSERT INTO `purchases` VALUES (1,'sami4000@yahoo.com','67caa07da96ef',NULL,'f6b705bba2a451b02901fffba72394742a206659b04d4c3037e7f5041422a38b',108.000000,'TV7ECDeWTYH3FFhMgZktHNxGsawhxWLRgd',7,'2025-03-07 07:49:10'),(2,'sami4000@yahoo.com','67caa07da96ef',NULL,'3477b7b2752092036101f68692296c0722738aaa8310d16e8244231ddf56b523',84.000000,'TV7ECDeWTYH3FFhMgZktHNxGsawhxWLRgd',8,'2025-03-07 07:51:25'),(3,'sami40005@yahoo.com','67caa07da96ef',NULL,'29f89cad7dea7158b3ce30bb68c294305ba5fa3c6afc20d0ce65351266039401',168.000000,'TV7ECDeWTYH3FFhMgZktHNxGsawhxWLRgd',10,'2025-03-07 07:59:39'),(4,'sami40005@yahoo.com','67caa07da96ef',NULL,'ac2c2e51c91eec2d15fc0b863629ab64779851c880b32df03bab33bef0a2007b',48.496800,'TV7ECDeWTYH3FFhMgZktHNxGsawhxWLRgd',9,'2025-03-07 08:00:43'),(5,'pari666@gmail.com','67caa862978b9',NULL,'b746a3a6183925ddf911d140be976538ef5ae74b527c903f9281cbf2ad27573f',19.800000,'TV7ECDeWTYH3FFhMgZktHNxGsawhxWLRgd',10,'2025-03-07 08:08:05'),(6,'amir2222@yahoo.com','64467b64-fb1c-11ef-8f16-960004106bbd',NULL,'1434f0c3b2b5c4b9e58745fa57a2ffba28df82bb3b76531bcc8f78e001607032',85.722200,'TV7ECDeWTYH3FFhMgZktHNxGsawhxWLRgd',7,'2025-03-07 10:26:20');
/*!40000 ALTER TABLE `purchases` ENABLE KEYS */;
UNLOCK TABLES;

--
-- Table structure for table `reviews`
--

DROP TABLE IF EXISTS `reviews`;
/*!40101 SET @saved_cs_client     = @@character_set_client */;
/*!40101 SET character_set_client = utf8 */;
CREATE TABLE `reviews` (
  `id` int(11) NOT NULL AUTO_INCREMENT,
  `user_id` int(11) NOT NULL,
  `course_id` int(11) NOT NULL,
  `rating` int(11) NOT NULL CHECK (`rating` >= 1 and `rating` <= 5),
  `review_text` text DEFAULT NULL,
  `created_at` timestamp NOT NULL DEFAULT current_timestamp(),
  PRIMARY KEY (`id`),
  KEY `course_id` (`course_id`),
  KEY `reviews_ibfk_1` (`user_id`),
  CONSTRAINT `reviews_ibfk_1` FOREIGN KEY (`user_id`) REFERENCES `users` (`id`) ON DELETE CASCADE,
  CONSTRAINT `reviews_ibfk_2` FOREIGN KEY (`course_id`) REFERENCES `courses` (`id`)
) ENGINE=InnoDB AUTO_INCREMENT=7 DEFAULT CHARSET=utf8mb4 COLLATE=utf8mb4_general_ci;
/*!40101 SET character_set_client = @saved_cs_client */;

--
-- Dumping data for table `reviews`
--

LOCK TABLES `reviews` WRITE;
/*!40000 ALTER TABLE `reviews` DISABLE KEYS */;
/*!40000 ALTER TABLE `reviews` ENABLE KEYS */;
UNLOCK TABLES;

--
-- Table structure for table `subscriptions`
--

DROP TABLE IF EXISTS `subscriptions`;
/*!40101 SET @saved_cs_client     = @@character_set_client */;
/*!40101 SET character_set_client = utf8 */;
CREATE TABLE `subscriptions` (
  `id` int(11) NOT NULL AUTO_INCREMENT,
  `user_id` int(11) NOT NULL,
  `subscription_type` enum('monthly','yearly') NOT NULL,
  `start_date` timestamp NOT NULL DEFAULT current_timestamp(),
  `end_date` timestamp NOT NULL DEFAULT '0000-00-00 00:00:00',
  PRIMARY KEY (`id`),
  KEY `user_id` (`user_id`),
  CONSTRAINT `subscriptions_ibfk_1` FOREIGN KEY (`user_id`) REFERENCES `users` (`id`)
) ENGINE=InnoDB DEFAULT CHARSET=utf8mb4 COLLATE=utf8mb4_general_ci;
/*!40101 SET character_set_client = @saved_cs_client */;

--
-- Dumping data for table `subscriptions`
--

LOCK TABLES `subscriptions` WRITE;
/*!40000 ALTER TABLE `subscriptions` DISABLE KEYS */;
/*!40000 ALTER TABLE `subscriptions` ENABLE KEYS */;
UNLOCK TABLES;

--
-- Table structure for table `tags`
--

DROP TABLE IF EXISTS `tags`;
/*!40101 SET @saved_cs_client     = @@character_set_client */;
/*!40101 SET character_set_client = utf8 */;
CREATE TABLE `tags` (
  `id` int(11) NOT NULL AUTO_INCREMENT,
  `name` varchar(255) NOT NULL,
  `created_at` timestamp NOT NULL DEFAULT current_timestamp(),
  PRIMARY KEY (`id`)
) ENGINE=InnoDB DEFAULT CHARSET=utf8mb4 COLLATE=utf8mb4_general_ci;
/*!40101 SET character_set_client = @saved_cs_client */;

--
-- Dumping data for table `tags`
--

LOCK TABLES `tags` WRITE;
/*!40000 ALTER TABLE `tags` DISABLE KEYS */;
/*!40000 ALTER TABLE `tags` ENABLE KEYS */;
UNLOCK TABLES;

--
-- Table structure for table `unlocked_lessons`
--

DROP TABLE IF EXISTS `unlocked_lessons`;
/*!40101 SET @saved_cs_client     = @@character_set_client */;
/*!40101 SET character_set_client = utf8 */;
CREATE TABLE `unlocked_lessons` (
  `id` int(11) NOT NULL AUTO_INCREMENT,
  `user_id` int(11) NOT NULL,
  `lesson_id` int(11) NOT NULL,
  `unlock_date` timestamp NOT NULL DEFAULT current_timestamp(),
  PRIMARY KEY (`id`),
  UNIQUE KEY `unique_unlock` (`user_id`,`lesson_id`)
) ENGINE=InnoDB AUTO_INCREMENT=2 DEFAULT CHARSET=utf8mb4 COLLATE=utf8mb4_general_ci;
/*!40101 SET character_set_client = @saved_cs_client */;

--
-- Dumping data for table `unlocked_lessons`
--

LOCK TABLES `unlocked_lessons` WRITE;
/*!40000 ALTER TABLE `unlocked_lessons` DISABLE KEYS */;
INSERT INTO `unlocked_lessons` VALUES (1,44,6,'2025-03-05 21:28:20');
/*!40000 ALTER TABLE `unlocked_lessons` ENABLE KEYS */;
UNLOCK TABLES;

--
-- Table structure for table `user_activity`
--

DROP TABLE IF EXISTS `user_activity`;
/*!40101 SET @saved_cs_client     = @@character_set_client */;
/*!40101 SET character_set_client = utf8 */;
CREATE TABLE `user_activity` (
  `id` int(11) NOT NULL AUTO_INCREMENT,
  `user_id` int(11) NOT NULL,
  `activity_type` enum('login','logout','purchase','registration','view_course') NOT NULL,
  `description` text DEFAULT NULL,
  `created_at` timestamp NOT NULL DEFAULT current_timestamp(),
  PRIMARY KEY (`id`),
  KEY `user_id` (`user_id`),
  CONSTRAINT `user_activity_ibfk_1` FOREIGN KEY (`user_id`) REFERENCES `users` (`id`)
) ENGINE=InnoDB DEFAULT CHARSET=utf8mb4 COLLATE=utf8mb4_general_ci;
/*!40101 SET character_set_client = @saved_cs_client */;

--
-- Dumping data for table `user_activity`
--

LOCK TABLES `user_activity` WRITE;
/*!40000 ALTER TABLE `user_activity` DISABLE KEYS */;
/*!40000 ALTER TABLE `user_activity` ENABLE KEYS */;
UNLOCK TABLES;

--
-- Table structure for table `user_course_purchases`
--

DROP TABLE IF EXISTS `user_course_purchases`;
/*!40101 SET @saved_cs_client     = @@character_set_client */;
/*!40101 SET character_set_client = utf8 */;
CREATE TABLE `user_course_purchases` (
  `id` int(11) NOT NULL AUTO_INCREMENT,
  `user_id` int(11) NOT NULL,
  `course_id` int(11) NOT NULL,
  `purchase_date` timestamp NOT NULL DEFAULT current_timestamp(),
  `payment_status` enum('Pending','Completed','Failed') DEFAULT 'Pending',
  `payment_method` varchar(50) DEFAULT NULL,
  `amount` decimal(10,2) NOT NULL,
  `discount_applied` decimal(5,2) DEFAULT 0.00,
  PRIMARY KEY (`id`),
  KEY `user_id` (`user_id`),
  KEY `course_id` (`course_id`),
  CONSTRAINT `user_course_purchases_ibfk_1` FOREIGN KEY (`user_id`) REFERENCES `users` (`id`) ON DELETE CASCADE,
  CONSTRAINT `user_course_purchases_ibfk_2` FOREIGN KEY (`course_id`) REFERENCES `courses` (`id`) ON DELETE CASCADE
) ENGINE=InnoDB DEFAULT CHARSET=utf8mb4 COLLATE=utf8mb4_general_ci;
/*!40101 SET character_set_client = @saved_cs_client */;

--
-- Dumping data for table `user_course_purchases`
--

LOCK TABLES `user_course_purchases` WRITE;
/*!40000 ALTER TABLE `user_course_purchases` DISABLE KEYS */;
/*!40000 ALTER TABLE `user_course_purchases` ENABLE KEYS */;
UNLOCK TABLES;

--
-- Table structure for table `user_lessons`
--

DROP TABLE IF EXISTS `user_lessons`;
/*!40101 SET @saved_cs_client     = @@character_set_client */;
/*!40101 SET character_set_client = utf8 */;
CREATE TABLE `user_lessons` (
  `id` int(11) NOT NULL AUTO_INCREMENT,
  `lesson_number` int(11) NOT NULL,
  `user_id` int(11) NOT NULL,
  `user_email` varchar(255) NOT NULL,
  `is_locked` tinyint(1) DEFAULT 1,
  `unlock_date` timestamp NOT NULL DEFAULT current_timestamp(),
  PRIMARY KEY (`id`)
) ENGINE=InnoDB DEFAULT CHARSET=utf8mb4 COLLATE=utf8mb4_general_ci;
/*!40101 SET character_set_client = @saved_cs_client */;

--
-- Dumping data for table `user_lessons`
--

LOCK TABLES `user_lessons` WRITE;
/*!40000 ALTER TABLE `user_lessons` DISABLE KEYS */;
/*!40000 ALTER TABLE `user_lessons` ENABLE KEYS */;
UNLOCK TABLES;

--
-- Table structure for table `user_payment_methods`
--

DROP TABLE IF EXISTS `user_payment_methods`;
/*!40101 SET @saved_cs_client     = @@character_set_client */;
/*!40101 SET character_set_client = utf8 */;
CREATE TABLE `user_payment_methods` (
  `id` int(11) NOT NULL AUTO_INCREMENT,
  `user_id` int(11) NOT NULL,
  `payment_method_id` int(11) NOT NULL,
  `card_number` varchar(50) DEFAULT NULL,
  `expiration_date` date DEFAULT NULL,
  PRIMARY KEY (`id`),
  KEY `user_id` (`user_id`),
  KEY `payment_method_id` (`payment_method_id`),
  CONSTRAINT `user_payment_methods_ibfk_1` FOREIGN KEY (`user_id`) REFERENCES `users` (`id`),
  CONSTRAINT `user_payment_methods_ibfk_2` FOREIGN KEY (`payment_method_id`) REFERENCES `payment_methods` (`id`)
) ENGINE=InnoDB DEFAULT CHARSET=utf8mb4 COLLATE=utf8mb4_general_ci;
/*!40101 SET character_set_client = @saved_cs_client */;

--
-- Dumping data for table `user_payment_methods`
--

LOCK TABLES `user_payment_methods` WRITE;
/*!40000 ALTER TABLE `user_payment_methods` DISABLE KEYS */;
/*!40000 ALTER TABLE `user_payment_methods` ENABLE KEYS */;
UNLOCK TABLES;

--
-- Table structure for table `user_profiles`
--

DROP TABLE IF EXISTS `user_profiles`;
/*!40101 SET @saved_cs_client     = @@character_set_client */;
/*!40101 SET character_set_client = utf8 */;
CREATE TABLE `user_profiles` (
  `id` int(11) NOT NULL AUTO_INCREMENT,
  `user_id` int(11) NOT NULL,
  `first_name` varchar(255) NOT NULL,
  `last_name` varchar(255) NOT NULL,
  `email` varchar(255) NOT NULL,
  `phone_number` varchar(20) DEFAULT NULL,
  `date_of_birth` date DEFAULT NULL,
  `gender` enum('Male','Female','Other') DEFAULT NULL,
  `address` text DEFAULT NULL,
  `profile_picture` varchar(255) DEFAULT NULL,
  `created_at` timestamp NOT NULL DEFAULT current_timestamp(),
  `updated_at` timestamp NOT NULL DEFAULT current_timestamp() ON UPDATE current_timestamp(),
  PRIMARY KEY (`id`),
  UNIQUE KEY `email` (`email`),
  KEY `user_id` (`user_id`),
  CONSTRAINT `user_profiles_ibfk_1` FOREIGN KEY (`user_id`) REFERENCES `users` (`id`) ON DELETE CASCADE
) ENGINE=InnoDB DEFAULT CHARSET=utf8mb4 COLLATE=utf8mb4_general_ci;
/*!40101 SET character_set_client = @saved_cs_client */;

--
-- Dumping data for table `user_profiles`
--

LOCK TABLES `user_profiles` WRITE;
/*!40000 ALTER TABLE `user_profiles` DISABLE KEYS */;
/*!40000 ALTER TABLE `user_profiles` ENABLE KEYS */;
UNLOCK TABLES;

--
-- Table structure for table `users`
--

DROP TABLE IF EXISTS `users`;
/*!40101 SET @saved_cs_client     = @@character_set_client */;
/*!40101 SET character_set_client = utf8 */;
CREATE TABLE `users` (
  `id` int(11) NOT NULL AUTO_INCREMENT,
  `uid` varchar(255) NOT NULL,
  `username` varchar(255) NOT NULL DEFAULT '',
  `email` varchar(255) NOT NULL,
  `password` varchar(255) NOT NULL,
  `created_at` timestamp NOT NULL DEFAULT current_timestamp(),
  `name` varchar(255) NOT NULL,
  `phone` varchar(20) DEFAULT NULL,
  `city` varchar(50) DEFAULT NULL,
  `user_uid` varchar(255) NOT NULL,
  PRIMARY KEY (`id`),
  UNIQUE KEY `email` (`email`),
  UNIQUE KEY `uid` (`uid`),
  UNIQUE KEY `user_uid` (`user_uid`),
  UNIQUE KEY `user_uid_2` (`user_uid`),
  UNIQUE KEY `user_uid_3` (`user_uid`),
  UNIQUE KEY `user_uid_4` (`user_uid`)
) ENGINE=InnoDB AUTO_INCREMENT=48 DEFAULT CHARSET=utf8mb4 COLLATE=utf8mb4_general_ci;
/*!40101 SET character_set_client = @saved_cs_client */;

--
-- Dumping data for table `users`
--

LOCK TABLES `users` WRITE;
/*!40000 ALTER TABLE `users` DISABLE KEYS */;
INSERT INTO `users` VALUES (11,'1002','Ali','ali@example.com','password123','2025-02-21 10:10:37','Sara','09123456789','Tehran','64467330-fb1c-11ef-8f16-960004106bbd'),(13,'2020','','mohsenbanihashemi4@gmail.com','$2a$10$EjlfAv0vAXg8wblT9aMFfexW.pM9yxSiHVI4XaQNsW8N09eqynHbK','2025-02-21 10:35:27','mohsen.ba','09173380977','Shz','64467586-fb1c-11ef-8f16-960004106bbd'),(15,'9090','','Mohsen9090@yahoo.com','$2y$10$m8eR1pJkN1Qq2zjBiuRsueh8QhHQb89m1UpXfZ/IpX.TeiHwratIe','2025-02-22 05:58:12','mohsen','0917','Ú©Ø±Ù…Ø§Ù†Ø´Ø§Ù‡','6446761d-fb1c-11ef-8f16-960004106bbd'),(16,'1818','','mohamad1818@yahoo.com','$2y$10$Y8u543ucBxlWSBm6MP.lB.Aqet7tehU1LtNsEaeFTdOcHcKZaiI8C','2025-02-22 06:03:34','Mohamad','09173300000','Ù„Ø§Ø±','6446768b-fb1c-11ef-8f16-960004106bbd'),(17,'2005','','mohsen2005com@yahoo.com','$2a$10$ee5n4SnDISEXtTjfWUeg/OvDBSa.iA7OTMSde6.OU9RSnH02vcVjO','2025-02-23 08:27:18','mohsen',NULL,NULL,'644676e8-fb1c-11ef-8f16-960004106bbd'),(18,'1234','','Javad1234@yahoo.com','$2y$10$V2cVQScEdEnvJLXMpTmUbu5HqNjCdnTYjXWtimHmZiFlo/MaOs0/W','2025-02-23 13:02:41','javad',NULL,NULL,'644677bb-fb1c-11ef-8f16-960004106bbd'),(20,'9091','','gigar9090@yahoo.com','$2b$10$uL5ES1xFvvIAQ7PaWYF1WOuuCXHHETYahluc91Q5CEYtkjuUnY17K','2025-02-24 10:42:07','gigar',NULL,NULL,'64467825-fb1c-11ef-8f16-960004106bbd'),(21,'4040','','gigar4040@yahoo.com','4040','2025-02-24 10:53:37','gigar',NULL,NULL,'6446787e-fb1c-11ef-8f16-960004106bbd'),(22,'5050','','testuser@example.com','1234','2025-02-24 11:03:28','Test User',NULL,NULL,'644678d5-fb1c-11ef-8f16-960004106bbd'),(23,'8800','','shima8800@yahoo.com','$2y$10$X8EQl87QFJTFmpMQHo3BiOVrwZLD7AHPAmYT0Fl6rgxpw.zcLpO7i','2025-02-24 11:08:05','Shima',NULL,NULL,'64467926-fb1c-11ef-8f16-960004106bbd'),(24,'1100','','moti1100@yahoo.com','$2y$10$hRJISCBhhjTAbhciqX7bDuKf32sdJTWVBCSpCfB5xcVozt92vDgDW','2025-02-24 11:19:34','Moti',NULL,NULL,'6446797b-fb1c-11ef-8f16-960004106bbd'),(25,'3030','','nazi3030@yahoo.com','$2y$10$OXM.nfRedMHUJdfl/QUjiOwMGyUt.SmVQYcLAp1G9rkcMsU7hIprW','2025-02-24 15:03:45','nazi',NULL,NULL,'644679ca-fb1c-11ef-8f16-960004106bbd'),(26,'5500','','admin5500@yahoo.com','$2y$10$d6.1HheTMjgKq6UAY2IUBO7wdafbV4LPNUGK8VAheD5eG7yZnquoC','2025-02-25 15:54:31','admin',NULL,NULL,'64467a1c-fb1c-11ef-8f16-960004106bbd'),(27,'8080','','Hesam8080@yhop.com','$2y$10$qkwGWn5fH9P48JH4MH/1JeAg/YrcGxItJb1sTNLGvKj8KWogv2TcW','2025-02-27 16:02:14','Hesam',NULL,NULL,'64467a6d-fb1c-11ef-8f16-960004106bbd'),(28,'2200','','mb2200@yahoo.com','$2y$10$RGFAVn367WrVkN.QGiLzR.XLUajxsvwZ4jrNBXtfJr0apSY4Er5Fi','2025-02-27 21:07:43','Mb',NULL,NULL,'64467abf-fb1c-11ef-8f16-960004106bbd'),(29,'3300','','Sami3300@yahoo.com','$2y$10$kUYJLl4wdQp.U/uEhebXQu9u1OLitwnaygxJgovd1Y/i/VpDnl/t6','2025-02-28 10:27:48','Sami',NULL,NULL,'64467b15-fb1c-11ef-8f16-960004106bbd'),(30,'2222','محسن','amir2222@yahoo.com','$2y$10$Ycx7Hg.pi/Z897r4cC.4Y.BRNhwNfWVwdgNQgIysQOxIGebNwYLfC','2025-02-28 12:24:00','Amir','09173380977','شیراز','64467b64-fb1c-11ef-8f16-960004106bbd'),(31,'3000','','Moti3000@yahoo.com','$2y$10$aMFB5MJO6yvGMcwFJD/jEuuHveuPcNkuFIElSihr6mRptoAnlZ8Ye','2025-02-28 17:37:35','Moti',NULL,NULL,'64467d23-fb1c-11ef-8f16-960004106bbd'),(32,'6060','','Sami6060@yahoo.com','$2y$10$FcRSL8jtSp96ZxGdwfDB6upOzh/KiI22KQmxCOFQjLppBPtqrJNLu','2025-02-28 18:29:11','Sami',NULL,NULL,'64467d94-fb1c-11ef-8f16-960004106bbd'),(33,'1234567890','','Elma75950@yahoo.com','$2y$10$87QREdIpwAb7qbG0s32pFOgg7TERakady50uVctNzqrMQgz9wZGZu','2025-02-28 18:32:52','Elmira',NULL,NULL,'64467de7-fb1c-11ef-8f16-960004106bbd'),(34,'3312','','Maryam3312@yahoo.com','$2y$10$7vivFN26UEw0qnLXU0R5D.ewfTlbebmVKPdVDg03M1WKXymZWmAE6','2025-02-28 20:25:57','Maryam',NULL,NULL,'64467e39-fb1c-11ef-8f16-960004106bbd'),(35,'7700','','Mari7700@yahoo.com','$2y$10$r..7648yGDRUOywGM63RWeL6Zj8d6ETxwK1jwrFrXjVAeojQLvPNa','2025-02-28 20:28:37','Mari',NULL,NULL,'64467e8f-fb1c-11ef-8f16-960004106bbd'),(36,'1111','','vahid1111@yahoo.com','$2y$10$sIynQ419RuVXGpynRmE8EeHqi2qkM9zXITt03tAPD9xMUrC01YlqK','2025-02-28 21:54:04','Vahid',NULL,NULL,'64467ee3-fb1c-11ef-8f16-960004106bbd'),(37,'6090','','Jack6090@yahoo.com','$2y$10$m1D1CRx0pDxRukOjR7iyXe8rZMQfX.KHvA79QQQNWMJLkIXpgHQrS','2025-03-01 05:55:22','Jack',NULL,NULL,'64467f34-fb1c-11ef-8f16-960004106bbd'),(38,'9000','','sara9000@yahoo.com','$2y$10$QIiPdNs/bhMf8Ou6YK7XxubP8VbfzuYNgIc984mvLzuiNl0yr3ovm','2025-03-03 11:52:08','sar',NULL,NULL,'64467f96-fb1c-11ef-8f16-960004106bbd'),(39,'333','','Ali333@yahoo.com','$2y$10$haM8xioqx4tUq3aiNrvs7.TxtVvZOnc/0uqXkJpJX4jtnFnffG50S','2025-03-04 13:00:56','Ali',NULL,NULL,'64468000-fb1c-11ef-8f16-960004106bbd'),(40,'6600','','samir6600@yahoo.com','$2y$10$28QcvpDRng10WI5AP3qVWevETaoa6PquJ5pqw2K/ioQHgO3bFTQIm','2025-03-04 22:04:38','Samir',NULL,NULL,'64468057-fb1c-11ef-8f16-960004106bbd'),(41,'user123','','test@example.com','hashed_password','2025-03-05 06:50:11','نام تستی',NULL,NULL,'644680af-fb1c-11ef-8f16-960004106bbd'),(43,'1403','','mohsen1403@yahoo.com','$2y$10$KGvK5FvlasM0oNh2PctxYublNyqjvBot23UtIJYm8ijZVSuC5AGK2','2025-03-05 08:19:03','mohsen',NULL,NULL,'64468118-fb1c-11ef-8f16-960004106bbd'),(44,'6660','','Ali6660@yahoo.com','$2y$10$vfE/pZ6QDkmGvOOBWqM7h.HJ5.7fv7fRh7xmxU1M6XoY6jaCJO5mC','2025-03-05 08:49:27','Ali',NULL,NULL,'644682e8-fb1c-11ef-8f16-960004106bbd'),(45,'7000','محسن','mohsen7000@gmail.com','$2y$10$Ns48XZV.O/yzgzFVThFu0..oWW0ojkZNHYwDSHag.OIiLkaUUl6cS','2025-03-07 07:06:57','Mohsen','09173380977','شیراز','67ca9b11cde42'),(46,'4000','محسن','sami40005@yahoo.com','$2y$10$U3PxHzwCQg2S/lxEpra2.eGi7bGBZpiWFcxFaaF4tcfDfZm2g8tr6','2025-03-07 07:30:05','sami','','','67caa07da96ef'),(47,'666','Pari','pari666@gmail.com','$2y$10$wfvCZpcvn26FvHldr3Dk4u.lbsVxuZdHNfL20tcHPNDyomO5qs0rW','2025-03-07 08:03:46','pari','09173320000','Tehran','67caa862978b9');
/*!40000 ALTER TABLE `users` ENABLE KEYS */;
UNLOCK TABLES;
/*!40103 SET TIME_ZONE=@OLD_TIME_ZONE */;

/*!40101 SET SQL_MODE=@OLD_SQL_MODE */;
/*!40014 SET FOREIGN_KEY_CHECKS=@OLD_FOREIGN_KEY_CHECKS */;
/*!40014 SET UNIQUE_CHECKS=@OLD_UNIQUE_CHECKS */;
/*!40101 SET CHARACTER_SET_CLIENT=@OLD_CHARACTER_SET_CLIENT */;
/*!40101 SET CHARACTER_SET_RESULTS=@OLD_CHARACTER_SET_RESULTS */;
/*!40101 SET COLLATION_CONNECTION=@OLD_COLLATION_CONNECTION */;
/*!40111 SET SQL_NOTES=@OLD_SQL_NOTES */;

-- Dump completed on 2025-03-07 11:23:43
